product_name,retail_price,discounted_price,product_rating,overall_rating,category
Alisha Solid Women's Cycling Shorts,,999.0,,,Clothing
FabHomeDecor Fabric Double Sofa Bed,32157.0,22646.0,,,Furniture
AW Bellies,999.0,499.0,,,Footwear
Alisha Solid Women's Cycling Shorts,,699.0,,,Clothing
Sicons All Purpose Arnica Dog Shampoo,220.0,210.0,,,Pet Supplies
Eternal Gandhi Super Series Crystal Paper Weights  with Silver Finish,430.0,430.0,,,Others
Alisha Solid Women's Cycling Shorts,,1199.0,,,Clothing
FabHomeDecor Fabric Double Sofa Bed,32157.0,22646.0,,,Furniture
"dilli bazaaar Bellies, Corporate Casuals, Casuals",,,,,Footwear
Alisha Solid Women's Cycling Shorts,,1199.0,,,Clothing
Ladela Bellies,1724.0,950.0,,,Footwear
Carrel Printed Women's,2299.0,910.0,,,Clothing
Sicons All Purpose Tea Tree Dog Shampoo,,,,,Pet Supplies
Alisha Solid Women's Cycling Shorts,,999.0,,,Clothing
Freelance Vacuum Bottles 350 ml Bottle,699.0,699.0,,,Pens & Stationery
Alisha Solid Women's Cycling Shorts,,999.0,,,Clothing
FabHomeDecor Fabric Double Sofa Bed,32157.0,22646.0,,,Furniture
Style Foot Bellies,899.0,449.0,,,Footwear
Carrel Printed Women's,2499.0,999.0,,,Clothing
FabHomeDecor Fabric Double Sofa Bed,32157.0,22646.0,,,Furniture
Sicons Conditioning Conditoner Dog Shampoo,110.0,100.0,,,Pet Supplies
Alisha Solid Women's Cycling Shorts,,,,,Clothing
dongli Printed Boy's Round Neck T-Shirt,2400.0,1039.0,,,Clothing
SWAGGA Women Clogs,1500.0,1500.0,,,Footwear
Kennel Rubber Dumbell With Bell - Small Rubber Rubber Toy For Dog,190.0,190.0,,,Pet Supplies
Glus Wedding Lingerie Set,,1299.0,,,Clothing
Veelys Shiny White Quad Roller Skates - Size 4.5 UK,3199.0,2499.0,,,Sports & Fitness
Bulaky vanity case Jewellery Vanity Case,499.0,390.0,,,Beauty and Personal Care
FDT Women's Leggings,699.0,309.0,,,Clothing
Madcaps C38GR30 Men's Cargos,,2199.0,,,Clothing
Bengal Blooms Rose Artificial Plant  with Pot,799.0,579.0,,,Others
Indcrown Net Embroidered Semi-stitched Lehenga Choli Material,999.0,699.0,,,Clothing
Shopmania Music Band A5 Notebook Spiral Bound,499.0,275.0,,,Pens & Stationery
Shopmania Music Band A5 Notebook Spiral Bound,499.0,275.0,,,Pens & Stationery
"""Tiara Diaries 2016-2017 Designer LA Kaarta """"TAKING ACTION GETTING RESULT"""" (Set of 3) B5 Notebook Hard Bound""",1000.0,837.0,,,Pens & Stationery
KAJCI Embroidered Women's Waistcoat,1200.0,699.0,,,Clothing
Packman 8 x 10 inches Security Bags Without POD Jacket Courier Bag Security Bag,350.0,298.0,,,Pens & Stationery
Pick Pocket Embroidered Women's Waistcoat,899.0,899.0,,,Clothing
Angelfish Silk Potali Potli,,999.0,,,Bags
Oye Boy's Dungaree,899.0,764.0,,,Clothing
Nuride Canvas Shoes,1999.0,1349.0,,,Footwear
OM SHIVAKRITI Square wall Clock Showpiece  -  38.1 cm,1499.0,1499.0,,,Home Decor & Festive Needs
Himmlisch ST381 Magnetic Sun Shade For Maruti Alto,6999.0,1899.0,,,Automotive
Rapter BNC-179 BNC Wire Connector,,2299.0,,,Tools & Hardware
Vishudh Printed Women's Straight Kurta,999.0,499.0,,,Clothing
Vishudh Printed Women's Straight Kurta,899.0,449.0,,,Clothing
Vishudh Printed Women's Anarkali Kurta,2099.0,1049.0,,,Clothing
BuildTrack PIR Wireless Motion Sensor - One Switch Control Wireless Sensor Security System,6500.0,5000.0,,,Others
Skayvon SUMMERSIBLE SINGLE PHASE PUMP CONTROLLER Wired Sensor Security System,9990.0,4990.0,,,Others
MASARA Solid Women's Straight Kurta,1399.0,599.0,,,Clothing
Vishudh Printed Women's Straight Kurta,899.0,449.0,,,Clothing
Rapter BNC-047 BNC Wire Connector,,1299.0,,,Tools & Hardware
Skayvon SUBMERSIBBLE THREE PHASE PUMP CONTROLLER Wired Sensor Security System,8999.0,4990.0,,,Others
Vishudh Printed Women's Straight Kurta,899.0,449.0,,,Clothing
Behringer Xenyx 502 Analog Sound Mixer,10000.0,6600.0,,,Others
Vishudh Printed Women's Straight Kurta,899.0,449.0,,,Clothing
Vishudh Printed Women's Straight Kurta,899.0,449.0,,,Clothing
MASARA Solid Women's Straight Kurta,1399.0,599.0,,,Clothing
MASARA Solid Women's Straight Kurta,1399.0,550.0,,,Clothing
Roadster Men's Zipper Solid Cardigan,1399.0,699.0,,,Clothing
Vishudh Printed Women's Straight Kurta,999.0,499.0,,,Clothing
Noor Embroidered Women's Straight Kurta,1649.0,849.0,,,Clothing
MASARA Solid Women's Straight Kurta,1399.0,599.0,,,Clothing
Vishudh Printed Women's Straight Kurta,899.0,449.0,,,Clothing
Libas Printed Women's A-line Kurta,899.0,449.0,,,Clothing
Libas Printed Women's Anarkali Kurta,1849.0,924.0,,,Clothing
MASARA Solid Women's Straight Kurta,999.0,499.0,,,Clothing
HRS ULTIMATE BOY Chest Pads,,440.0,,,Sports & Fitness
Vermello Men Casual Brown Genuine Leather Belt,,1495.0,,,Bags
HRS CLUB BOY Thigh Pads,,280.0,,,Sports & Fitness
Ligans NY Men Formal Black Genuine Leather Belt,,795.0,,,Bags
Elegance Polyester Multicolor Abstract Eyelet Door Curtain,1899.0,899.0,,,Home Furnishing
Liza Women Wedges,1990.0,1393.0,,,Footwear
HRS ULTIMATE BOY Elbow Pads,,250.0,,,Sports & Fitness
Sathiyas Cotton Bath Towel,,,,,Baby Care
HRS ULTIMATE MEN Chest Pads,,440.0,,,Sports & Fitness
Eurospa Cotton Terry Face Towel Set,,,,,Baby Care
SANTOSH ROYAL FASHION Cotton Printed King sized Double Bedsheet,2699.0,1299.0,,,Home Furnishing
CASEDEAL Microsoft Nokia lumia x2 Back Panel,1999.0,380.0,,,Mobiles & Accessories
Mario Gotze Women's Printed Casual Orange Shirt,,1499.0,,,Clothing
Jaipur Print Cotton Floral King sized Double Bedsheet,2599.0,698.0,,,Home Furnishing
Shilpi NHSCN003 Coin Bank,900.0,650.0,,,Pens & Stationery
Jaipur Print Cotton Floral King sized Double Bedsheet,2599.0,698.0,,,Home Furnishing
Babeezworld Dungaree Baby Boy's  Combo,999.0,499.0,,,Baby Care
Redbag Eight Armed Goddess Sherawali Maa Showpiece  -  10.8 cm,1600.0,1200.0,,,Home Decor & Festive Needs
"Proence Weight Gainers, Mass Gainers",,,,,Food & Nutrition
Discountgod Men's Checkered Casual Shirt,750.0,590.0,,,Clothing
Silver Streak Men's Printed Casual Denim Shirt,1299.0,599.0,,,Clothing
"Cobra Paris CO6394A1 Analog Watch  - For Men, Boys",18995.0,15195.0,,,Watches
TEN TEN Women's Black Knee Length Boots Boots,4995.0,1995.0,,,Footwear
,,,,,Others
,,,,,Others
,,,,,Others
"Aries Gold G 729 S-BK Analog Watch  - For Men, Boys",13699.0,13099.0,,,Watches
Carlton Boots,3495.0,1223.0,,,Footwear
Maserati Time R8851116001 Analog Watch  - For Boys,24400.0,24400.0,,,Watches
"Vizion 8503B-1RED Cold Light Digital Watch  - For Boys, Girls",1095.0,595.0,,,Watches
,,,,,Others
Digital display,,,,,Others
Digital display,,,,,Others
"Camerii WM64 Elegance Analog Watch  - For Men, Boys",1099.0,449.0,,,Watches
Reckler Slim Fit Men's Jeans,5398.0,2599.0,,,Clothing
Quechua Arpenaz Novadry Boots,2499.0,2250.0,,,Footwear
"Colat COLAT_MW20 Sheen Analog Watch  - For Men, Women, Boys, Girls",3999.0,849.0,,,Watches
Steppings Trendy Boots,1799.0,719.0,,,Footwear
Rochees RW38 Analog Watch  - For Boys,1415.0,1202.0,,,Watches
"Rorlig RR-028 Expedition Analog Watch  - For Men, Boys",1099.0,399.0,,,Watches
,,,,,Others
,,,,,Others
5,,,,,Others
Catwalk Boots,2095.0,999.0,,,Footwear
Magnum Footwear Lifestyle,3999.0,2099.0,,,Footwear
T STAR UFT-TSW-005-BK-BR Analog Watch  - For Boys,999.0,399.0,,,Watches
,,,,,Others
 suave leather belts and intricately designed and finished timepieces are what separate you from the rest.,,,,,Others
" suave leather belts and intricately designed and finished timepieces are what separate you from the rest.""",,,,,Others
Rialto Boots,3295.0,2795.0,,,Footwear
Kielz Ladies Boots,2499.0,1249.0,,,Footwear
"Alfajr WY16B Youth Digital Watch  - For Men, Boys",5495.0,4995.0,,,Watches
La Briza Ashley Boots,2299.0,2299.0,,,Footwear
"TAG Heuer CAU1116.BA0858 Formula 1 Analog Watch  - For Boys, Men",107750.0,107750.0,,,Watches
Salt N Pepper 13-019 Femme Black Boots Boots,4195.0,3146.0,,,Footwear
,,,,,Others
,,,,,Others
No rating available,,,,,Others
Shuz Touch Boots,1499.0,1270.0,,,Footwear
Wrangler Skanders Fit Men's Jeans,2795.0,1817.0,,,Clothing
Steppings Trendy Boots,3199.0,1919.0,,,Footwear
,,,,,Others
,,,,,Others
No rating available,,,,,Others
Salt N Pepper 14-664 Denny Black Boots Boots,4295.0,3221.0,,,Footwear
,,,,,Others
,,,,,Others
No rating available,,,,,Others
"Costa Swiss CS-2001 Analog Watch  - For Boys, Men",1199.0,429.0,,,Watches
Crocs Boots,3995.0,3995.0,,,Footwear
"Breitling AB011010/BB08 131S Chronomat 44 Analog Watch  - For Boys, Men",571230.0,571230.0,,,Watches
,,,,,Others
,,,,,Others
,,,,,Others
,,,,,Others
,,,,,Others
,,,,,Others
,,,,,Others
,,,,,Others
,,,,,Others
,,,,,Others
,,,,,Others
,,,,,Others
No rating available,,,,,Others
Lyc White Casual Boots,1199.0,899.0,,,Footwear
Myra Comfortable Boots,1049.0,499.0,,,Footwear
"Calibro SW-125 Analog-Digital Watch  - For Men, Boys",2000.0,699.0,,,Watches
,,,,,Others
,,,,,Others
No rating available,,,,,Others
Get Glamr Designer Uggy Boots,3499.0,2799.0,,,Footwear
Kielz Ladies Boots,2299.0,899.0,,,Footwear
Kielz Ladies Boots,1999.0,999.0,,,Footwear
Rochees RW50 Analog Watch  - For Boys,1120.0,952.0,,,Watches
Kielz Ladies Boots,2799.0,1299.0,,,Footwear
Salt N Pepper 13-516 Greta Red Boots,3495.0,2621.0,,,Footwear
Fluid DMF-002-GR01 Digital Watch  - For Boys,1699.0,849.0,,,Watches
Steppings Trendy Boots,1599.0,639.0,,,Footwear
,,,,,Others
,,,,,Others
No rating available,,,,,Others
Rialto Boots,3295.0,2395.0,,,Footwear
"Rorlig RR-030 Essentials Analog Watch  - For Men, Boys",1099.0,399.0,,,Watches
,,,,,Others
,,,,,Others
No rating available,,,,,Others
Wrangler Regular Fit Men's Jeans,3295.0,1812.0,,,Clothing
,,,,,Others
 a waistband with belt loops,,,,,Others
 a waistband with belt loops,,,,,Others
Steppings Trendy Boots,3499.0,2274.0,,,Footwear
"Disney DW100230 Digital Watch  - For Boys, Girls",350.0,350.0,,,Watches
Salt N Pepper 13-167 Marsha Red Boots,3695.0,2771.0,,,Footwear
"Cartier W6701005 Analog Watch  - For Boys, Men",201000.0,201000.0,,,Watches
Bruno Manetti Cannelita Boots,3399.0,1359.0,,,Footwear
Stylistry Maxis Shde6603brwoboot3104 Boots,2199.0,1599.0,,,Footwear
"Lois Caron LCS-4032 Analog Watch  - For Boys, Men",1200.0,399.0,,,Watches
"Felix Y 39 Analog Watch  - For Boys, Men",1550.0,525.0,,,Watches
Kielz Boots,2999.0,2399.0,,,Footwear
Kielz Ladies Boots,2299.0,899.0,,,Footwear
Sakay Country Leather Boots,3999.0,3499.0,,,Footwear
La Briza Black Boots,2299.0,2069.0,,,Footwear
,,,,,Others
,,,,,Others
,,,,,{{Occasion
"Kool Kidz DMK-012-QU02 Analog Watch  - For Girls, Boys",375.0,263.0,,5.0,Watches
"Franck Bella FB0128B Analog Watch  - For Men, Boys",1199.0,959.0,,,Watches
Steppings Trendy Boots,2199.0,1099.0,,,Footwear
"Kool Kidz DMK-003-YL 03 Analog Watch  - For Girls, Boys",475.0,333.0,4.0,4.0,Watches
"Vizion 8502-6BLACK Sports Series Digital Watch  - For Boys, Girls",1095.0,595.0,,,Watches
,,,,,Others
Digital display,,,,,Others
Digital display,,,,,Others
Vencer Stella 7lyt1011 Digital Watch  - For Boys,399.0,144.0,,,Watches
La Briza Mile Boots,3999.0,3999.0,,,Footwear
,,,,,Others
,,,,,Others
,,,,,{{Occasion
"Casela CAS-W-13 Basic Analog Watch  - For Boys, Girls",3999.0,899.0,,,Watches
Sneha Unique Boots,1799.0,899.0,,,Footwear
Timer TC_-_690143 Analog Watch  - For Boys,1299.0,549.0,,,Watches
NE Regular Fit Men's Jeans,4999.0,1899.0,,,Clothing
Shuz Touch Boots,2995.0,2995.0,,,Footwear
Kielz Ladies Boots,2499.0,1149.0,,,Footwear
"Colat COLAT_M08 Roman Numerals Analog Watch  - For Men, Boys",4999.0,1049.0,,,Watches
Kielz Ladies Boots,2299.0,899.0,,,Footwear
Belle Gambe Boots,3999.0,1695.0,,,Footwear
"Titan 1639SL03 Analog Watch  - For Boys, Men",1795.0,1695.0,,,Watches
Selfie Boots,1200.0,599.0,,,Footwear
,,,,,Others
 its rich construction makes this pair of footwear a must have in your collection. The comfy to wear straps furthermore give you an ultimate ease to wear it all day long. Grab this pair and give your everyday ensembles a great augmentation.,,,,,Others
" its rich construction makes this pair of footwear a must have in your collection. The comfy to wear straps furthermore give you an ultimate ease to wear it all day long. Grab this pair and give your everyday ensembles a great augmentation.""",,,,,Others
Clincher Semonday Boots,3499.0,3499.0,,,Footwear
"Srushti Art Jewelry Megnet_Led_Sport_BlackRed1 Digital Watch  - For Men, Women, Boys, Girls",799.0,200.0,,,Watches
Kielz Ladies Boots,2499.0,1149.0,,,Footwear
"Q&Q VQ13-008 Analog Watch  - For Girls, Boys",585.0,526.0,,,Watches
Belle Gambe Boots,3499.0,1765.0,,,Footwear
"Escort E-1700-906_Blk Analog Watch  - For Men, Boys",1925.0,1829.0,,,Watches
,,,,,Others
,,,,,Others
No rating available,,,,,Others
Roxy Boots,19995.0,9997.0,,,Footwear
Lee Men's Jeans,2699.0,1619.0,,,Clothing
Bruno Manetti 676 Boots,2999.0,1199.0,,,Footwear
"Estilo 1056 Analog Watch  - For Boys, Men",1299.0,299.0,,,Watches
Jack klein BlackLed Digital Watch  - For Boys,999.0,150.0,,,Watches
"North Moon IW-005-FK Silicone Ion Digital Watch  - For Boys, Girls, Women",235.0,150.0,,,Watches
Shuz Touch Boots,1499.0,1270.0,,,Footwear
Foot Candy Boots,2899.0,1699.0,,,Footwear
Credos Boots,4499.0,3499.0,,,Footwear
"Rich Club Apple Shaped LED Digital Watch  - For Boys, Girls",999.0,149.0,,,Watches
"Skmei AD1031-Black Formal Analog-Digital Watch  - For Men, Boys",2499.0,1699.0,,,Watches
Kielz Ladies Boots,2799.0,1299.0,,,Footwear
"Kms Ironman_Look_Led_Black11 Digital Watch  - For Men, Women, Girls, Boys",1395.0,350.0,,,Watches
Anand Archies Boots,499.0,499.0,,,Footwear
Magnum Footwear Lifestyle Boots,2999.0,1899.0,,,Footwear
,,,,,Others
,,,,,Others
No rating available,,,,,Others
Steppings Trendy Boots,2199.0,1099.0,,,Footwear
Swag 670038 Analog Watch  - For Boys,2499.0,899.0,,,Watches
Bonzer Boots,999.0,499.0,,,Footwear
,,,,,Others
,,,,,Others
,,,,,Others
Roadster Skinny Fit Fit Men's Jeans,2499.0,1249.0,,,Clothing
Selfie Black Denim Boots,1000.0,499.0,,,Footwear
Steppings Boots Boots,3199.0,2559.0,,,Footwear
,,,,,Others
,,,,,Others
No rating available,,,,,Others
"Q&Q LLA2-213 Digital Watch  - For Boys, Girls",645.0,645.0,,,Watches
Belle Gambe Winter Boots,3499.0,1695.0,,,Footwear
"Hala Red In Black trendy digital Digital Watch  - For Boys, Girls, Men",399.0,159.0,,,Watches
Kielz Ladies Boots,2499.0,1249.0,,,Footwear
Kielz Boots,2499.0,1999.0,,,Footwear
"Franck Bella FB74C Analog Watch  - For Boys, Men",1299.0,780.0,,,Watches
Carlton London Boots,2295.0,2295.0,,,Footwear
Ridas Apl_led_black Apple Shape Digital Watch  - For Boys,349.0,249.0,,,Watches
Shuz Touch Boots,4495.0,4495.0,,,Footwear
La Briza Andria Boots,2099.0,2099.0,,,Footwear
"Skmei 1070BLK Sports Analog-Digital Watch  - For Men, Boys",2345.0,1179.0,,,Watches
Kielz Ladies Boots,1899.0,999.0,,,Footwear
Carlton London Boots,1995.0,1995.0,,,Footwear
"Skmei AD1057-Dark-Orange Sports Analog-Digital Watch  - For Men, Boys",1799.0,1199.0,,,Watches
Urban Country Ladies Boots,3299.0,1650.0,,,Footwear
Now SP-ETHNIC Analog Watch  - For Boys,600.0,600.0,,,Watches
"Disney MSFR190-01B Analog Watch  - For Boys, Girls",1350.0,1350.0,,,Watches
Get Glamr Designer Yuvu Boots,3499.0,2799.0,,,Footwear
Kielz Boots,2499.0,2399.0,,,Footwear
Belle Gambe Boots,3999.0,1765.0,,,Footwear
Remson India Boots,3999.0,1999.0,,,Footwear
Steppings Trendy Boots,1599.0,639.0,,,Footwear
,,,,,Others
,,,,,Others
No rating available,,,,,Others
Jacques Farel KWD2324 Analog Watch  - For Boys,2850.0,1567.0,,,Watches
Rialto Boots,2795.0,1800.0,,,Footwear
Salt N Pepper 13-455 Pisa Black Boots,4995.0,3746.0,,,Footwear
"Oxter Chrono Blue Italia Analog Watch  - For Men, Boys",999.0,299.0,,,Watches
,,,,,Others
,,,,,Others
No rating available,,,,,Others
Klaur Melbourne Boots,3499.0,1574.0,,,Footwear
"Positif Pfbk612 Analog Watch  - For Men, Boys",1100.0,800.0,,,Watches
Selfie Boots,1200.0,599.0,,,Footwear
"D'SIGNER 688RGM _BRN Analog Watch  - For Men, Boys",8995.0,8545.0,,,Watches
Salt N Pepper 13-019 Femme Taupe Boots Boots,4195.0,2050.0,,,Footwear
,,,,,Others
,,,,,Others
No rating available,,,,,Others
"Franck Bella FB127A Analog Watch  - For Boys, Men",1250.0,999.0,,,Watches
Get Glamr Stylish Boots,1999.0,499.0,,,Footwear
"Felix 3541 W-S METAL Analog Watch  - For Boys, Girls",1350.0,555.0,,,Watches
Steppings Trendy Boots,1799.0,719.0,,,Footwear
,,,,,Others
,,,,,Others
4,,,,,Others
Steppings Boots Boots,3199.0,2559.0,,,Footwear
"Skmei DG0939-Red Sports Digital Watch  - For Men, Boys",1499.0,999.0,,,Watches
Do Bhai Boots,799.0,699.0,,,Footwear
,,,,,Others
,,,,,Others
,,,,,Others
"Vizion 8502-4BLUE Sports Series Digital Watch  - For Boys, Girls",1095.0,595.0,,,Watches
Steppings Boots Boots,3199.0,2559.0,,,Footwear
Steppings Trendy Boots,3499.0,2099.0,,,Footwear
Sam Stefy Boots,1050.0,449.0,,,Footwear
,,,,,Others
,,,,,Others
,,,,,{{Occasion
TEN TEN Women's Tan Mid Length Boots Boots,4495.0,1895.0,,,Footwear
,,,,,Others
,,,,,Others
,,,,,Others
Remson India Boots,3999.0,1999.0,,,Footwear
Get Glamr Dazzle Boots,3499.0,499.0,,,Footwear
"Jack Klein Goldjack Analog Watch  - For Boys, Men",1999.0,262.0,,,Watches
Dearfoams Boots,1820.0,1820.0,,,Footwear
,,,,,Others
,,,,,Others
5,,,,,Others
"fastrack 38015PL01 Analog Watch  - For Men, Boys",2495.0,2495.0,,,Watches
Kielz Ladies Boots,2799.0,1299.0,,,Footwear
"A Avon PK_504 Analog Watch  - For Men, Boys",2499.0,1249.0,,,Watches
Kielz Ladies Boots,1999.0,999.0,,,Footwear
"Franck Bella FB0122DD Analog Watch  - For Men, Boys",1299.0,1039.0,,,Watches
Catwalk Boots,2095.0,999.0,,,Footwear
Rialto Boots,3295.0,2395.0,,,Footwear
Salt N Pepper 12-298 Taupe Boots,4395.0,2150.0,,,Footwear
,,,,,Others
,,,,,Others
No rating available,,,,,Others
"Alfajr WQ18 Qibla Compass Digital Watch  - For Men, Boys, Girls",8995.0,7495.0,,,Watches
Magnum Footwear Lifestyle Boots,5999.0,3199.0,,,Footwear
Steppings Trendy Boots,3599.0,2519.0,,,Footwear
,,,,,Others
,,,,,Others
No rating available,,,,,Others
"Sale Funda SFGFU694 Analog Watch  - For Boys, Men",2499.0,599.0,,,Watches
Steppings Trendy Boots,2199.0,1099.0,,,Footwear
"Britex BT2050+BT3101 He & She Analog Watch  - For Couple, Women, Men, Boys, Girls",1990.0,699.0,,,Watches
,,,,,Others
,,,,,Others
No rating available,,,,,Others
TSG Kelz Boots,2650.0,2650.0,,,Footwear
"3wish CUR-BLUE Silver Blue 8023 Analog Watch  - For Boys, Men",2999.0,995.0,,,Watches
J.D.H. 111-222 Boots,1500.0,599.0,,,Footwear
"Disney 98189 Analog Watch  - For Boys, Girls",1800.0,900.0,,,Watches
Get Glamr Designer Snowra Boots,2799.0,2239.0,,,Footwear
"Lenco DCOMPASS2010 Quazi Analog-Digital Watch  - For Men, Boys",1999.0,849.0,,,Watches
Pinza Black Christmas Boots,3350.0,1900.0,,,Footwear
Kielz Ladies Boots,2799.0,1299.0,,,Footwear
Salt N Pepper 13-552 Rebacca Almond Boots,3495.0,2621.0,,,Footwear
"Rockstar R_056 Chrono Analog Watch  - For Men, Boys",1299.0,299.0,,,Watches
Disney DW100405 Digital Watch  - For Boys,1495.0,1345.0,,,Watches
Selfie Boots,1200.0,599.0,,,Footwear
,,,,,Others
 its rich construction makes this pair of footwear a must have in your collection. The comfy to wear straps furthermore give you an ultimate ease to wear it all day long. Grab this pair and give your everyday ensembles a great augmentation.,,,,,Others
" its rich construction makes this pair of footwear a must have in your collection. The comfy to wear straps furthermore give you an ultimate ease to wear it all day long. Grab this pair and give your everyday ensembles a great augmentation.""",,,,,Others
"Vizion 8502-7PURPLE Sports Series Digital Watch  - For Boys, Girls",1095.0,595.0,,,Watches
,,,,,Others
Digital display,,,,,Others
Digital display,,,,,Others
Belle Gambe Boots,3499.0,1795.0,,,Footwear
"Disney LP-1008 (Yellow) Analog Watch  - For Boys, Girls",795.0,795.0,,,Watches
"Elantra S 10 Analog Watch  - For Boys, Men",2150.0,950.0,,,Watches
Willy Winkies Black Boots,1499.0,999.0,,,Footwear
,,,,,Others
,,,,,Others
,,,,,{{Occasion
"Marvel DW100243 Digital Watch  - For Boys, Girls",299.0,299.0,4.0,4.0,Watches
DJH Boots,999.0,499.0,,,Footwear
,,,,,Others
,,,,,Others
,,,,,{{Occasion
"Franck Bella FB123D Analog Watch  - For Men, Boys",1645.0,1316.0,,,Watches
Get Glamr Stylish Boots,1999.0,499.0,,,Footwear
"Skmei DG1010-Black-Gold Sports Digital Watch  - For Men, Boys, Women, Girls",1299.0,899.0,,,Watches
Magnum Footwear Lifestyle Boots,5999.0,3599.0,,,Footwear
,,,,,Others
,,,,,Others
No rating available,,,,,Others
Pinza Blue Cowboy Boots,3250.0,1800.0,,,Footwear
Magnum Footwear Lifestyle Boots,3599.0,2399.0,,,Footwear
Steppings Trendy Boots,2199.0,1099.0,,,Footwear
"Eleganzza Denim Denim Analog Watch  - For Men, Women, Boys, Girls, Couple",1299.0,499.0,,,Watches
CatBird Boots,1399.0,999.0,,,Footwear
Bruno Manetti 664 Boots,2999.0,1199.0,,,Footwear
"Lenco Bdblue Tango Analog Watch  - For Men, Boys",1499.0,599.0,,,Watches
Get Glamr Designer Kuyal Boots,2799.0,2239.0,,,Footwear
"Zoop C4040PP03 Digital Watch  - For Boys, Girls",750.0,750.0,,,Watches
"Shoppingekart DS0222 Rewin Pack of 3 Digital Watch  - For Boys, Girls, Couple, Men",2399.0,479.0,,,Watches
Stylistry Maxis Sa3228-25relong1712 Boots,2299.0,1599.0,,,Footwear
Steppings Trendy Boots,1799.0,719.0,,,Footwear
Salt N Pepper 14-475 Dorthea Almond Boots Boots,4695.0,3521.0,,,Footwear
"D'Signer 681GM_WHT Analog Watch  - For Men, Boys",6995.0,6645.0,,,Watches
Rialto Boots,2495.0,1799.0,,,Footwear
"SwissFire 205SM005 Analog Watch  - For Boys, Men",2195.0,1207.0,,,Watches
Get Glamr Designer Uggy Boots,3499.0,2799.0,,,Footwear
"A Avon PK_741 Analog Watch  - For Men, Boys",1299.0,639.0,,,Watches
Carl 3346-1-Cheetablue Boots,2299.0,1149.0,,,Footwear
Logues LGSWATCH61003PP DIGI YELLOW Sports Analog-Digital Watch  - For Boys,1235.0,1235.0,,,Watches
Kielz Ladies Boots,2799.0,1299.0,,,Footwear
Swag 670014 Analog Watch  - For Boys,1499.0,599.0,,,Watches
"Zoop C3030PP05 Analog Watch  - For Boys, Girls",650.0,650.0,,,Watches
20Dresses Brown Shiver Me Timbers Boots,2795.0,2795.0,,,Footwear
"""ezyPRNT """"RH"""" Golf Ball -   Size: 4.26 cm",,,,,Clothing
"""ezyPRNT """"BC"""" Golf Ball -   Size: 4",,,,,Clothing
"""ezyPRNT """"OL"""" Golf Ball -   Size: 4.26 cm",,,,,Clothing
"""ezyPRNT """"CV"""" Golf Ball -   Size: 4",,,,,Clothing
Traditions Printed Protective Men's Gloves,500.0,399.0,,,Clothing
First Choice Cotton Embroidered Diwan Set,2199.0,979.0,,,Home Furnishing
Eccellente Solid Hip Hop Cap,,899.0,,,Clothing
Nechams Resin Magnetic Magnetic Melamine Small Whiteboards,1799.0,799.0,,,Pens & Stationery
Traditions Printed Protective Men's Gloves,500.0,399.0,,,Clothing
First Choice Cotton Embroidered Diwan Set,2199.0,979.0,,,Home Furnishing
First Choice Cotton Embroidered Diwan Set,2199.0,979.0,,,Home Furnishing
JASPO Thunder Intact Superior Senior Skates Combo (skates+helmet+knee+elbow+bag)suitable for age upto 6 to 14 years Skating Kit,1399.0,770.0,,,Sports & Fitness
Masaba for Magic fairy Girl's Layered Pink Dress,1775.0,1598.0,,,Clothing
Momin Libas AK2414 Kashibo Solid Abaya No,3999.0,2398.0,,,Clothing
ACM Pouch for Swipe Elite Plus,990.0,339.0,,,Mobiles & Accessories
A R ENTERPRISES musical wlking cow,999.0,299.0,,,Toys & School Supplies
First Choice Cotton Embroidered Diwan Set,2199.0,979.0,,,Home Furnishing
SANTOSH ROYAL FASHION Cotton Embroidered Diwan Set,2199.0,979.0,,,Home Furnishing
First Choice Cotton Embroidered Diwan Set,2199.0,979.0,,,Home Furnishing
ShoeBuzz Casuals,799.0,247.0,,,Footwear
Zed Loafers,499.0,499.0,,,Footwear
House This Queen Cotton Duvet Cover,1160.0,1160.0,,,Home Furnishing
ACM Pouch for Intex Aqua Lions 3g,990.0,339.0,,,Mobiles & Accessories
womaniya Alloy Bracelet,,2000.0,,,Jewellery
Taj Pearl Alloy Cuff,,665.0,,,Jewellery
JASPO Saphire Dual Shoe Skates Combo Size 5 Skating Kit,2299.0,1270.0,,,Sports & Fitness
Taj Pearl Alloy Cuff,,665.0,,,Jewellery
Bento Musical Teddy Bear,199.0,63.0,,,Toys & School Supplies
Wake Up Competition Full Sleeve Striped Men's Sweatshirt,1495.0,748.0,,,Clothing
Taj Pearl Alloy Cuff,,665.0,,,Jewellery
Taj Pearl Alloy Cuff,,665.0,,,Jewellery
Cellbazaar Blackberry 8520 WHITE LCD LCD,5000.0,1000.0,,,Others
Dressberry Gold Synthetic  Clutch,1299.0,1299.0,,,Clothing
Mast & Harbour Black Synthetic  Clutch,1899.0,1899.0,,,Others
JQR JQR Sports Shoes Running Shoes,1299.0,1299.0,,,Footwear
Sisel Printed Poly Cotton Women's Stole,299.0,128.0,,,Others
JQR JQR Sports Shoes Running Shoes,999.0,999.0,,,Footwear
"Knight Ace Kraasa Sports Running Shoes, Cycling Shoes, Walking Shoes",,1299.0,,,Others
Dressberry Gold Synthetic  Clutch,1299.0,1299.0,,,Clothing
"Great Art Floral Print Wool, Viscose, 20% Kashmiri wool, 50% Cashmilon and 30% Wool ruffle yarn Women's Stole",,,,,Clothing
Indistar Self Design Viscose Women's Stole,478.0,239.0,,,Others
Mast & Harbour Black Synthetic  Clutch,1899.0,1899.0,,,Others
Glacier Running Shoes,629.0,498.0,,,Glacier Running Shoes
Dressberry Black Synthetic  Clutch,1299.0,1299.0,,,Clothing
Zoe Marciano Blue Heavy-duty satin wong fabric  Clutch,,1599.0,,,Bags
Asics Gel-Cumulus 17 Running Shoes,9499.0,9499.0,,,Asics Gel-Cumulus 17 Running Shoes
Dressberry Black Synthetic  Clutch,1299.0,1299.0,,,Clothing
Mast & Harbour Gold Synthetic  Clutch,1899.0,1899.0,,,Others
Asics Gel-Kayano 22 Running Shoes,12499.0,12499.0,,,Asics Gel-Kayano 22 Running Shoes
Indistar Self Design Viscose Women's Stole,898.0,449.0,,,Others
Dressberry Orange Synthetic  Clutch,1899.0,1899.0,,,Clothing
Dressberry Gold Synthetic  Clutch,1299.0,1299.0,,,Clothing
Dressberry Green Synthetic  Clutch,1899.0,1899.0,,,Clothing
Zoe Marciano Blue Heavy-duty satin wong fabric  Clutch,,1599.0,,,Bags
Escan Lace Up,1299.0,999.0,,,Escan Lace Up
Dressberry Gold Synthetic  Clutch,1299.0,1299.0,,,Clothing
Nine Maternity Wear Women's Fit and Flare Dress,1825.0,1825.0,,,Others
"Kleio Festive, Party, Casual Blue PU  Clutch",,,,,Bags
Skipper Blends Aqua Striped Eyelet Window Curtain,1733.0,1039.0,,,Home Furnishing
Mizuno Lightweight Hoody Solid Men's Wind Cheater,4999.0,4999.0,,,Clothing
"Turbo MSE TEST LITE Batting Gloves (Men, White, Orange)",,,,,Sports & Fitness
"Turbo LEAGUE Batting Gloves (Men, White, Blue)",,,,,Sports & Fitness
Stamin Mass Gainers,,2300.0,,,Food & Nutrition
Pure Source Psi-As-Hanggnrlx Relaxing Liquid Air Freshener,1250.0,375.0,5.0,5.0,Home Decor & Festive Needs
Svt Ada Collections Formal Full Sleeve Checkered Women's Top,,1199.0,,,Clothing
,,,,,Others
,,,,,Others
,,,,,Others
Svt Ada Collections Party 3/4 Sleeve Checkered Women's Top,,1199.0,,,Clothing
Svt Ada Collections Casual Full Sleeve Checkered Women's Top,,1699.0,,,Clothing
,,,,,Others
,,,,,Others
,,,,,Others
"Asian Gems & Jewels 5 Dhaatu Metal, Alloy Opal Ring",2746.0,687.0,,,Jewellery
"Asian Gems & Jewels 5 Dhaatu Metal, Alloy Opal Ring",2973.0,743.0,,,Jewellery
"Asian Gems & Jewels 5 Dhaatu Metal, Alloy Amethyst Ring",1937.0,968.0,,,Jewellery
Kings Multicolor Tassels,1000.0,249.0,,,Home Furnishing
,,,,,Others
,,,,,Others
No rating available,,,,,Kings
Avsar Sachi Gold Diamond 18 K Ring,16880.0,8440.0,,,Jewellery
,,,,,Others
,,,,,Others
,,,,,Others
,,,,,Others
,,,,,Others
,,,,,Others
,,,,,Others
,,,,,Others
,,,,,Others
,,,,,Others
,,,,,Others
,,,,,Others
,,,,,Others
,,,,,Others
,,,,,Others
,,,,,Others
Avsar,,,,,Others
Peppermint Blues Casual Sleeveless Printed Women's Top,,399.0,,,Clothing
Nishtaa Yellow Gold 22 K Ring,18350.0,17433.0,,,Jewellery
,,,,,Others
 or at the workplace. All NISHTAA products are 916 Hallmarked and BIS certified. All NISHTAA Products come with a Jewellery Box and Guarantee card.,,,,,Others
" or at the workplace. All NISHTAA products are 916 Hallmarked and BIS certified. All NISHTAA Products come with a Jewellery Box and Guarantee card.""",,,,,Others
Xpert Schoolboys Blk Lace Up Shoes,399.0,299.0,,,Footwear
Just In Time Fashions Women's A-line Dress,2499.0,1499.0,,,Clothing
Yepme Women's Gathered Dress,1799.0,799.0,,,Clothing
,,,,,Others
,,,,,Others
No rating available,,,,,Others
Van Heusen Men's Printed Party Shirt,2099.0,1469.0,,,Clothing
Eshoppee Laughing Buddha For Success And Wealth Showpiece  -  12 cm,799.0,399.0,,,Home Decor & Festive Needs
,,,,,Others
 The Next Best Place To Keep The Laughing Buddha Is On A Side Table Or A Corner Table,,,,,Others
 The Next Best Place To Keep The Laughing Buddha Is On A Side Table Or A Corner Table,,,,,Others
Karatcraft Triniya Promise Gold Diamond 18 K Ring,49999.0,34221.0,,,Jewellery
,,,,,Others
,,,,,Others
No rating available,,,,,Karatcraft
Nishtaa Yellow Gold 22 K Ring,8190.0,7781.0,,,Jewellery
Mykraft Girl's A-line Dress,1205.0,964.0,,,Clothing
,,,,,Others
,,,,,Others
,,,,,Others
The Cranberry Club Girl's Gathered Dress,1299.0,999.0,,,Clothing
Fashion Tree Men's Solid Formal Shirt,999.0,349.0,,,Clothing
Fashion Tree Men's Solid Formal Shirt,999.0,349.0,,,Clothing
Fashion Tree Men's Solid Formal Shirt,999.0,349.0,,,Clothing
Peter England Men's Solid Formal Shirt,1399.0,1399.0,,,Clothing
Gee & Bee Casual Printed Women's Kurti,1664.0,499.0,,,Clothing
,,,,,Others
,,,,,Others
,,,,,Others
Gee & Bee Casual Printed Women's Kurti,2499.0,749.0,,,Clothing
,,,,,Others
,,,,,Others
,,,,,Others
Dumdaar.Com Casual Short Sleeve Self Design Women's Top,,999.0,,,Clothing
"F&S Casual, Party Short Sleeve Self Design Women's Top",,1299.0,,,Clothing
,,,,,Others
,,,,,Others
No rating available,,,,,Others
Oviya Casual Sleeveless Self Design Women's Top,,999.0,,,Clothing
The Clove Casual 3/4 Sleeve Self Design Women's Top,,800.0,,,Clothing
The Vanca Formal Full Sleeve Self Design Women's Top,,1499.0,,,Clothing
,,,,,Others
,,,,,Others
,,,,,Others
Fantasy Ika Casual Short Sleeve Solid Women's Top,,950.0,,,Clothing
,,,,,Others
,,,,,Others
,,,,,Others
Fantasy Ika Casual 3/4 Sleeve Self Design Women's Top,,849.0,,,Clothing
Ausy Casual Short Sleeve Floral Print Women's Top,,999.0,,,Clothing
Ausy Casual Short Sleeve Printed Women's Top,,999.0,,,Clothing
Karatcraft Triniya Promise Gold Diamond 18 K Ring,47822.0,32973.0,,,Jewellery
,,,,,Others
,,,,,Others
No rating available,,,,,Karatcraft
WearYourShine by PCJ The Joe Gold Diamond 18 K Ring,29366.0,29366.0,,,Jewellery
,,,,,Others
,,,,,Others
WearYourShine by PCJ,,,,,Others
Shilpkala Casual Short Sleeve Printed Women's Top,,999.0,,,Clothing
,,,,,Others
,,,,,Others
No rating available,,,,,Others
Shilpkala Casual Sleeveless Solid Women's Top,,699.0,,,Clothing
,,,,,Others
,,,,,Others
,,,,,Others
Shilpkala Casual Cape Sleeve Printed Women's Top,,799.0,,,Clothing
,,,,,Others
,,,,,Others
No rating available,,,,,Others
Shilpkala Casual Bell Sleeve Printed Women's Top,,799.0,,,Clothing
,,,,,Others
,,,,,Others
No rating available,,,,,Others
Shilpkala Casual Sleeveless Printed Women's Top,,999.0,,,Clothing
,,,,,Others
,,,,,Others
No rating available,,,,,Others
Shilpkala Casual Sleeveless Embellished Women's Top,,899.0,,,Clothing
,,,,,Others
,,,,,Others
No rating available,,,,,Others
Shilpkala Casual Short Sleeve Printed Women's Top,,999.0,,,Clothing
,,,,,Others
,,,,,Others
No rating available,,,,,Others
Shilpkala Casual Sleeveless Printed Women's Top,,699.0,,,Clothing
,,,,,Others
,,,,,Others
No rating available,,,,,Others
Shilpkala Casual Sleeveless Printed Women's Top,,999.0,,,Clothing
,,,,,Others
,,,,,Others
No rating available,,,,,Others
Shilpkala Casual Sleeveless Printed Women's Top,,999.0,,,Clothing
,,,,,Others
,,,,,Others
No rating available,,,,,Others
Shilpkala Casual Bell Sleeve Printed Women's Top,,799.0,,,Clothing
,,,,,Others
,,,,,Others
No rating available,,,,,Others
Shilpkala Casual Sleeveless Printed Women's Top,,699.0,,,Clothing
,,,,,Others
,,,,,Others
No rating available,,,,,Others
Shilpkala Casual Sleeveless Printed Women's Top,,599.0,,,Clothing
,,,,,Others
,,,,,Others
,,,,,Others
Shilpkala Casual Sleeveless Self Design Women's Top,,599.0,,,Clothing
,,,,,Others
,,,,,Others
No rating available,,,,,Others
BlueStone The Juliette Yellow Gold Diamond 18 K Ring,29348.0,22644.0,,,Jewellery
Karatcraft Om Gold Diamond 18 K Ring,42068.0,35056.0,,,Jewellery
,,,,,Others
 custom made jewellery only at karatcraft,,,,,Others
" custom made jewellery only at karatcraft""",,,,,Others
Karatcraft Dulce Gold Diamond 18 K Ring,40267.0,27223.0,,,Jewellery
,,,,,Others
,,,,,Others
No rating available,,,,,Karatcraft
"Soie Casual, Festive, Formal, Lounge Wear, Party Sleeveless Embellished, Solid Women's Top",,1390.0,,,Clothing
,,,,,Others
,,,,,Others
,,,,,{{Sleeve
Aaliya Casual Sleeveless Embellished Women's Top,,2000.0,,,Clothing
Karatcraft Robini Emerald Gold Diamond 18 K Ring,43481.0,36234.0,,,Jewellery
"@499 Casual, Festive, Formal, Lounge Wear, Party Sleeveless Embellished Women's Top",,698.0,,,Clothing
Karatcraft Om Gold Diamond 18 K Ring,44247.0,36872.0,,,Jewellery
,,,,,Others
 custom made jewellery only at karatcraft,,,,,Others
" custom made jewellery only at karatcraft""",,,,,Others
Lee Mark Men's Solid Formal Shirt,1699.0,599.0,,,Clothing
,,,,,Others
,,,,,Others
No rating available,,,,,Slim
Kairaa Lounge Wear Sleeveless Embellished Women's Top,,710.0,,,Clothing
Soie Casual Sleeveless Solid Women's Top,,1089.0,,,Clothing
,,,,,Others
,,,,,Others
,,,,,{{Sleeve
Hichkii Casual Cape Sleeve Embroidered Women's Top,,799.0,,,Clothing
"Soie Casual, Festive, Formal, Lounge Wear, Party Sleeveless Solid Women's Top",,1419.0,,,Clothing
,,,,,Others
,,,,,Others
No rating available,,,,,Others
Clara Certified Katela 8.3 cts or 9.25 ratti Zoya Sterling Silver Amethyst Ring,6160.0,2760.0,,,Jewellery
,,,,,Others
,,,,,Others
Clara,,,,,Others
Clara Certified Katela 6.5 cts or 7.25 ratti Elegant Sterling Silver Amethyst Ring,5270.0,2360.0,,,Jewellery
,,,,,Others
,,,,,Others
Clara,,,,,Others
Clara Certified Katela 3.9 cts or 4.25 ratti Stunning Sterling Silver Amethyst Ring,4210.0,1880.0,,,Jewellery
,,,,,Others
,,,,,Others
Clara,,,,,Others
SPECIES Striped Round Neck Women's Sweater,1699.0,1019.0,,,Clothing
Clara Certified Katela 6.5 cts or 7.25 ratti 4 Prongs Sterling Silver Amethyst Ring,5270.0,2360.0,,,Jewellery
,,,,,Others
,,,,,Others
Clara,,,,,Others
Clara Certified Katela 5.5 cts or 6.25 ratti Elegant Sterling Silver Amethyst Ring,4750.0,2130.0,,,Jewellery
,,,,,Others
,,,,,Others
Clara,,,,,Others
Clara Certified Katela 3 cts or 3.25 ratti 4 Prongs Sterling Silver Amethyst Ring,3530.0,1570.0,,,Jewellery
,,,,,Others
,,,,,Others
Clara,,,,,Others
BlueStone The Princess Gold Diamond 18 K Ring,35415.0,26984.0,,,Jewellery
Varanga Casual Short Sleeve Printed Women's Top,,1199.0,,,Clothing
Varanga Casual Short Sleeve Printed Women's Top,,1199.0,,,Clothing
Orous Casual 3/4 Sleeve Printed Women's Top,,2400.0,,,Clothing
Lovelady Wedding Lingerie Set,,895.0,,,Clothing
,,,,,Others
,,,,,Others
No rating available,,,,,Others
Nishtaa Yellow Gold Cubic Zirconia 22 K Ring,11820.0,11229.0,,,Jewellery
Jaune Women's Sheath Dress,2899.0,1499.0,,,Clothing
,,,,,Others
 Anti-Pilling,,,,,Clothing
 Anti-Pilling,,,,,Clothing
Living World by Home Stop Solid Wood Display Unit,5499.0,5499.0,,,Furniture
Status Quo Men's Solid Casual Shirt,1699.0,849.0,,,Clothing
"Asian Gems & Jewels 6.25 Ratti 5 Dhaatu Sterling Silver, Metal, Alloy Cat's Eye NA K Ring",1656.0,828.0,,,Jewellery
,,,,,Others
,,,,,Others
,,,,,Others
,,,,,Others
,,,,,Others
,,,,,Others
,,,,,Others
,,,,,Others
,,,,,Others
,,,,,Others
,,,,,Others
,,,,,Others
,,,,,Others
,,,,,Others
,,,,,Others
 water,,,,,earth or
 zinc,,,,,silver
,,,,,Others
,,,,,Others
,,,,,Others
,,,,,Others
,,,,,Others
,,,,,Others
,,,,,Others
,,,,,Others
,,,,,Others
,,,,,Others
,,,,,Others
,,,,,Others
,,,,,Others
,,,,,Others
,,,,,Others
,,,,,Others
,,,,,Others
,,,,,Others
 water,,,,,earth or
 zinc,,,,,silver
,,,,,Others
,,,,,Others
,,,,,Others
Asian Gems & Jewels,,,,,{{Collection
"Asian Gems & Jewels 5 Dhaatu Metal, Alloy Zircon Ring",3030.0,757.0,,,Jewellery
"Sarva Casual, Party Sleeveless Self Design, Printed Women's Top",,2325.0,,,Clothing
,,,,,Others
,,,,,Others
No rating available,,,,,Others
"Sarva Party, Casual Sleeveless Self Design Women's Top",,2550.0,,,Clothing
,,,,,Others
,,,,,Others
,,,,,Others
PrettyPataka Party Full Sleeve Woven Women's Top,,2500.0,,,Clothing
,,,,,Others
,,,,,Others
,,,,,{{Sleeve
"Sarva Party, Formal, Casual Sleeveless Embellished Women's Top",,2700.0,,,Clothing
,,,,,Others
,,,,,Others
,,,,,Others
"Tenn Casual, Party Sleeveless Floral Print Women's Top",,2000.0,,,Clothing
Maggie Party Sleeveless Floral Print Women's Top,,1999.0,,,Clothing
,,,,,Others
,,,,,Others
No rating available,,,,,Others
"Retaaz Casual, Party, Festive Sleeveless Floral Print Women's Top",,2999.0,,,Clothing
"Retaaz Casual, Party, Festive Sleeveless Floral Print Women's Top",,2999.0,,,Clothing
Bostan Running Shoes,499.0,499.0,,,Footwear
,,,,,Others
,,,,,Others
No rating available,,,,,Others
"Urban Fashion Bank Casual, Party, Festive, Lounge Wear Sleeveless Embellished Women's Top",,600.0,,,Clothing
Wowww Casual Short Sleeve Solid Women's Top,,1500.0,,,Clothing
,,,,,Others
,,,,,Others
,,,,,Others
"Urban Fashion Bank Casual, Party, Festive, Lounge Wear Sleeveless Printed Women's Top",,1500.0,,,Clothing
Urban Fashion Bank Casual 3/4 Sleeve Solid Women's Top,,700.0,,,Clothing
Hangover Solid Round Neck Women's Sweater,1599.0,499.0,,,Clothing
Elson Self Design V-neck Women's Sweater,1595.0,1595.0,,,Clothing
WearYourShine by PCJ The Adriyel Gold Diamond 18 K Ring,28963.0,28963.0,,,Jewellery
,,,,,Others
,,,,,Others
WearYourShine by PCJ,,,,,Others
"Asian Gems & Jewels 5.25 Ratti 5 Dhaatu Sterling Silver, Metal, Alloy Coral Ring",1743.0,872.0,,,Jewellery
,,,,,Others
,,,,,Others
,,,,,Others
,,,,,Others
,,,,,Others
,,,,,Others
,,,,,Others
,,,,,Others
,,,,,Others
,,,,,Others
,,,,,Others
,,,,,Others
,,,,,Others
,,,,,Others
,,,,,Others
 water,,,,,earth or
 zinc,,,,,silver
,,,,,Others
,,,,,Others
,,,,,Others
,,,,,Others
,,,,,Others
,,,,,Others
,,,,,Others
,,,,,Others
,,,,,Others
,,,,,Others
,,,,,Others
,,,,,Others
,,,,,Others
,,,,,Others
,,,,,Others
,,,,,Others
,,,,,Others
,,,,,Others
 water,,,,,earth or
 zinc,,,,,silver
,,,,,Others
,,,,,Others
,,,,,Others
Asian Gems & Jewels,,,,,{{Pearl Type
TeeMoods Casual Full Sleeve Striped Women's Top,,999.0,,,Clothing
,,,,,Others
,,,,,Others
,,,,,{{Sleeve
TeeMoods Casual Full Sleeve Striped Women's Top,,999.0,,,Clothing
Colbrii Casual Full Sleeve Printed Women's Top,,1100.0,,,Clothing
"KuberBox Ravishing Ring White Gold Diamond, Topaz 14K White Gold 14 K Ring",8538.0,8538.0,,,Jewellery
,,,,,Others
,,,,,Others
No rating available,,,,,KuberBox
My Addiction Casual Full Sleeve Embroidered Women's Top,,1199.0,,,Clothing
,,,,,Others
,,,,,Others
,,,,,Others
"SFDS Casual, Formal, Party Full Sleeve Printed Women's Top",,2500.0,,,Clothing
,,,,,Others
,,,,,Others
,,,,,Others
"Membooz Casual, Party Short Sleeve Self Design Women's Top",,1200.0,,,Clothing
,,,,,Others
,,,,,Others
No rating available,,,,,Others
Sheezworld Casual Full Sleeve Self Design Women's Top,,1295.0,,,Clothing
,,,,,Others
,,,,,Others
,,,,,Others
Karatcraft Wadell Gold Diamond 18 K Ring,42321.0,28317.0,,,Jewellery
,,,,,Others
,,,,,Others
No rating available,,,,,Karatcraft
Karatcraft Twinoh Gold Diamond 18 K Ring,32528.0,20672.0,,,Jewellery
,,,,,Others
,,,,,Others
No rating available,,,,,Karatcraft
Karatcraft Clariz Gold Diamond 18 K Ring,32658.0,20727.0,,,Jewellery
,,,,,Others
,,,,,Others
No rating available,,,,,Karatcraft
Herberto Girl's A-line Dress,1699.0,971.0,,,Clothing
Karatcraft Solitana Gold Diamond 18 K Ring,30176.0,20749.0,,,Jewellery
,,,,,Others
,,,,,Others
No rating available,,,,,Karatcraft
Karatcraft Celebra Gold Diamond 18 K Ring,32524.0,20586.0,,,Jewellery
,,,,,Others
,,,,,Others
No rating available,,,,,Karatcraft
Kids On Board Girl's Gathered Dress,1499.0,699.0,,,Clothing
,,,,,Others
,,,,,Others
,,,,,Others
ABHIRA Girl's A-line Dress,1999.0,699.0,,,Clothing
,,,,,Others
 And It Is Sleeveless,,,,,Clothing
 And It Is Sleeveless,,,,,Clothing
Herberto Girl's High Low Dress,1899.0,1025.0,,,Clothing
Herberto Girl's A-line Dress,1899.0,949.0,,,Clothing
Fasense Women's Nighty,,1099.0,,,Clothing
,,,,,Others
 Waist 28-32,,,,,Others
 Waist 28-32,,,,,Others
Megha Casual Short Sleeve Printed Women's Top,,310.0,,,Clothing
Karatcraft Duilla Ruby Gold Diamond 18 K Ring,49999.0,42262.0,,,Jewellery
,,,,,Others
 sapphire or anything else in this pretty design,,,,,Others
" sapphire or anything else in this pretty design""",,,,,Others
Karatcraft Journa Gold Diamond 18 K Ring,45345.0,37787.0,,,Jewellery
,,,,,Others
,,,,,Others
No rating available,,,,,Karatcraft
CaratLane Fantasia Band White Gold Diamond 18 K Ring,31033.0,31033.0,,,Jewellery
Karigaari Set Of 5 Adivasi Doing Merry On Trumpet Showpiece  -  30 cm,4500.0,2050.0,,,Home Decor & Festive Needs
,,,,,Others
 A Group Of Aadivasi Men And Women Seen Making Merry In This Specially Designed Wrought Iron Artefact By Karigaari India. The Figurines Are Arranged On An Elephant-Tusk Shaped Base,,,,,Others
 A Group Of Aadivasi Men And Women Seen Making Merry In This Specially Designed Wrought Iron Artefact By Karigaari India. The Figurines Are Arranged On An Elephant-Tusk Shaped Base,,,,,Others
WearYourShine by PCJ The Sharman Gold Diamond 18 K Ring,29292.0,29292.0,,,Jewellery
,,,,,Others
,,,,,Others
WearYourShine by PCJ,,,,,Others
"SFDS Casual, Formal, Party Short Sleeve Self Design Women's Top",,2599.0,,,Clothing
"SFDS Casual, Formal, Party Sleeveless Self Design Women's Top",,2299.0,,,Clothing
,,,,,Others
,,,,,Others
No rating available,,,,,Others
"SFDS Casual, Formal, Party Sleeveless Self Design Women's Top",,2299.0,,,Clothing
,,,,,Others
,,,,,Others
No rating available,,,,,Others
"SFDS Casual, Formal, Party Short Sleeve Self Design Women's Top",,2299.0,,,Clothing
,,,,,Others
,,,,,Others
No rating available,,,,,Others
"SFDS Casual, Formal, Party Sleeveless Self Design Women's Top",,2299.0,,,Clothing
,,,,,Others
,,,,,Others
No rating available,,,,,Others
Nishtaa Yellow Gold 22 K Ring,6740.0,6403.0,,,Jewellery
,,,,,Others
 or at the workplace. All NISHTAA products are 916 Hallmarked and BIS certified. All NISHTAA Products come with a Jewellery Box and Guarantee card.,,,,,Others
" or at the workplace. All NISHTAA products are 916 Hallmarked and BIS certified. All NISHTAA Products come with a Jewellery Box and Guarantee card.""",,,,,Others
"SFDS Casual, Formal, Party Sleeveless Self Design Women's Top",,1999.0,,,Clothing
,,,,,Others
,,,,,Others
No rating available,,,,,Others
"SFDS Casual, Formal, Party Short Sleeve Self Design Women's Top",,2299.0,,,Clothing
,,,,,Others
,,,,,Others
No rating available,,,,,Others
Totta Pouch for Sony Xperia M5 Dual,799.0,399.0,,,Mobiles & Accessories
,,,,,Others
,,,,,Others
,,,,,Others
,,,,,Others
,,,,,Others
,,,,,Others
,,,,,Others
,,,,,Others
Totta,,,,,{{Brand
Lee Mark Men's Solid Formal Shirt,1699.0,599.0,,,Clothing
,,,,,Others
,,,,,Others
No rating available,,,,,Slim
"Kalakruti K Jewellery B Jewelry box, Makeup Vanity Multi Purpose",600.0,480.0,,,Beauty and Personal Care
Karatcraft Trilic Gold Diamond 18 K Ring,48596.0,30817.0,,,Jewellery
Karatcraft Wadell Gold Diamond 18 K Ring,44226.0,30741.0,,,Jewellery
,,,,,Others
,,,,,Others
No rating available,,,,,Karatcraft
YNA Aviator Sunglasses,1199.0,299.0,,,Sunglasses
Ditu&Kritu Warrior Aviator Sunglasses,999.0,399.0,,,Sunglasses
American Crew Solid Women's Track Pants,799.0,760.0,,,Clothing
,,,,,Others
,,,,,Others
,,,,,Others
,,,,,Others
,,,,,Others
,,,,,Others
,,,,,Others
,,,,,Others
,,,,,Others
,,,,,Others
,,,,,Others
,,,,,Others
,,,,,Others
,,,,,Others
,,,,,Others
,,,,,Others
,,,,,Others
,,,,,Others
,,,,,Others
Allen Solly Girl's Gathered Dress,1599.0,1119.0,,,Clothing
Abr Casual Shoes,499.0,449.0,,,Footwear
,,,,,Others
,,,,,Others
No rating available,,,,,Others
Allen Solly Girl's A-line Dress,1999.0,1399.0,,,Clothing
Allen Solly Girl's Gathered Dress,1699.0,1189.0,,,Clothing
Allen Solly Girl's Shift Dress,2099.0,1469.0,,,Clothing
Petals Girl's Gathered Dress,1685.0,1685.0,,,Clothing
,,,,,Others
,,,,,Others
,,,,,{{Length
Allen Solly Girl's Layered Dress,1299.0,909.0,,,Clothing
Karatcraft Donna Gold Diamond 18 K Ring,49542.0,34110.0,,,Jewellery
,,,,,Others
,,,,,Others
No rating available,,,,,Others
Absurd Full Sleeve Solid Men's Sweatshirt,1375.0,1095.0,,,Clothing
Escocer Women's Leggings,2394.0,788.0,,,Clothing
,,,,,Others
 95% Cotton To Make a Fabric - This Leggings Give U Soft And Comfort Feel In The Time of Wearing. ::::::::::Escocer White Cotton Leggings,,,,,Others
" 95% Cotton To Make a Fabric - This Leggings Give U Soft And Comfort Feel In The Time of Wearing. ::::::::::Escocer White Cotton Leggings""",,,,,Others
Absurd Full Sleeve Solid Men's Reversible Sweatshirt,1799.0,1650.0,,,Clothing
Absurd Full Sleeve Solid Men's Sweatshirt,1395.0,1195.0,,,Clothing
Selfcare Soft & Comfortable Newly Launched Girl's Top - Pyjama Set,699.0,319.0,,,Clothing
,,,,,Others
,,,,,Others
,,,,,Others
Selfcare Soft & Comfortable Newly Launched Girl's Top - Pyjama Set,699.0,319.0,,,Clothing
,,,,,Others
,,,,,Others
,,,,,Others
WearYourShine by PCJ The Melina Gold Diamond 18 K Ring,23949.0,23949.0,,,Jewellery
,,,,,Others
,,,,,Others
WearYourShine by PCJ,,,,,Others
WearYourShine by PCJ The Radelle Diamond Gold Diamond Yellow Gold 18 K Ring,31673.0,31673.0,,,Jewellery
,,,,,Others
,,,,,Others
WearYourShine by PCJ,,,,,Others
WearYourShine by PCJ The Helaine Gold Diamond 18 K Ring,31663.0,31663.0,,,Jewellery
,,,,,Others
,,,,,Others
WearYourShine by PCJ,,,,,Others
Ozel Studio Casual 3/4 Sleeve Solid Women's Top,,2400.0,,,Clothing
,,,,,Others
,,,,,Others
,,,,,Others
Ozel Studio Casual Sleeveless Solid Women's Top,,1190.0,,,Clothing
Shopaholic Casual 3/4 Sleeve Solid Women's Top,,1299.0,,,Clothing
,,,,,Others
,,,,,Others
,,,,,Others
Fashion Flow+ Women's Leggings,1199.0,499.0,,,Clothing
Ozel Studio Casual Short Sleeve Solid Women's Top,,4000.0,,,Clothing
,,,,,Others
,,,,,Others
,,,,,Others
Ozel Studio Casual Full Sleeve Solid Women's Top,,1450.0,,,Clothing
,,,,,Others
 add nude peep-toes with formal trousers and voila,,,,,Others
 add nude peep-toes with formal trousers and voila,,,,,Others
Shilpi Casual Cape Sleeve Solid Women's Top,,499.0,,,Clothing
Yepme Casual Short Sleeve Solid Women's Top,,999.0,,,Clothing
Ozel Studio Casual Sleeveless Solid Women's Top,,999.0,,,Clothing
,,,,,Others
,,,,,Others
,,,,,Others
Ozel Studio Casual Full Sleeve Solid Women's Top,,1450.0,,,Clothing
CaratLane Swish Ray White Gold Diamond 18 K Ring,31062.0,31062.0,,,Jewellery
WearYourShine by PCJ The Maryse Diamond Gold Diamond Yellow Gold 18 K Ring,20717.0,20717.0,,,Jewellery
,,,,,Others
,,,,,Others
WearYourShine by PCJ,,,,,Others
Claude Lorrain Black Casuals Shoes,2750.0,1299.0,,,Footwear
Steppings Running Shoes Casuals Shoes,3699.0,2589.0,,,Footwear
,,,,,Others
,,,,,Others
No rating available,,,,,Others
Steppings Wedges Casuals Shoes,3299.0,2309.0,,,Footwear
,,,,,Others
,,,,,Others
No rating available,,,,,Others
Steppings Running Shoes Casuals Shoes,2999.0,2099.0,,,Footwear
,,,,,Others
,,,,,Others
No rating available,,,,,Others
Bonzer Bellies,699.0,399.0,,,Footwear
Araanz by Tribhovandas Bhimji Zaveri Delhi Gold Diamond 18K Yellow Gold 18 K Ring,15720.0,12576.0,,,Jewellery
Nishtaa Yellow Gold 22 K Ring,11880.0,11286.0,,,Jewellery
,,,,,Others
 or at the workplace. All NISHTAA products are 916 Hallmarked and BIS certified. All NISHTAA Products come with a Jewellery Box and Guarantee card.,,,,,Others
" or at the workplace. All NISHTAA products are 916 Hallmarked and BIS certified. All NISHTAA Products come with a Jewellery Box and Guarantee card.""",,,,,Others
Nishtaa Yellow Gold 22 K Ring,8700.0,8265.0,,,Jewellery
,,,,,Others
 or at the workplace. All NISHTAA products are 916 Hallmarked and BIS certified. All NISHTAA Products come with a Jewellery Box and Guarantee card.,,,,,Others
" or at the workplace. All NISHTAA products are 916 Hallmarked and BIS certified. All NISHTAA Products come with a Jewellery Box and Guarantee card.""",,,,,Others
Gritstones Solid Women's Track Pants,599.0,499.0,,,Clothing
,,,,,Others
,,,,,Others
,,,,,Others
Gritstones Solid Women's Track Pants,599.0,499.0,,,Clothing
,,,,,Others
,,,,,Others
,,,,,Others
Gritstones Solid Women's Track Pants,599.0,499.0,,,Clothing
,,,,,Others
,,,,,Others
2,,,,,Others
Gritstones Solid Women's Track Pants,599.0,499.0,,,Clothing
,,,,,Others
,,,,,Others
3,,,,,Others
Tapyti Casual Sleeveless Solid Women's Top,,795.0,,,Clothing
Tapyti Casual Short Sleeve Solid Women's Top,,1135.0,,,Clothing
,,,,,Others
,,,,,Others
,,,,,Others
Tapyti Casual Short Sleeve Solid Women's Top,,1135.0,,,Clothing
,,,,,Others
,,,,,Others
,,,,,Others
Tapyti Casual 3/4 Sleeve Solid Women's Top,,845.0,,,Clothing
,,,,,Others
,,,,,Others
,,,,,Others
Tapyti Casual Sleeveless Solid Women's Top,,875.0,,,Clothing
,,,,,Others
,,,,,Others
,,,,,Others
United Colors of Benetton Solid Round Neck Casual Women's Sweater,2099.0,1364.0,,,Clothing
Bonzer Bellies,999.0,499.0,,,Footwear
,,,,,Others
,,,,,Others
,,,,,Others
Bonzer Bellies,999.0,499.0,,,Footwear
,,,,,Others
,,,,,Others
,,,,,Others
BlueStone The Twin Wingflow Yellow Gold Diamond 18 K Ring,13010.0,13010.0,,,Jewellery
Allen Solly Girl's Shift Dress,1499.0,1049.0,,,Clothing
Allen Solly Girl's Gathered Dress,1399.0,979.0,,,Clothing
Ozel Studio Casual Full Sleeve Printed Women's Top,,985.0,,,Clothing
,,,,,Others
,,,,,Others
,,,,,Others
Ozel Studio Casual Full Sleeve Solid Women's Top,,1425.0,,,Clothing
Ozel Studio Casual Sleeveless Printed Women's Top,,1290.0,,,Clothing
Gee & Bee Casual Printed Women's Kurti,2164.0,649.0,,,Clothing
,,,,,Others
,,,,,Others
,,,,,Others
WearYourShine by PCJ The Skyrah Gold Diamond 18 K Ring,10213.0,10213.0,,,Jewellery
,,,,,Others
,,,,,Others
WearYourShine by PCJ,,,,,Others
WearYourShine by PCJ The Dawnetta Gold Diamond 18 K Ring,10227.0,10227.0,,,Jewellery
,,,,,Others
,,,,,Others
WearYourShine by PCJ,,,,,Others
TeeMoods Casual Full Sleeve Striped Women's Top,,1399.0,,,Clothing
,,,,,Others
 Length-25,,,,,Sleeves-22; Medium-Chest-32
 Length-25,,,1.0,,Sleeves-22; Medium-Chest-32
TeeMoods Casual Full Sleeve Striped Women's Top,,1399.0,,,Clothing
,,,,,Others
 Length-25,,,,,Sleeves-22; Medium-Chest-32
 Length-25,,,,,Sleeves-22; Medium-Chest-32
TeeMoods Casual Full Sleeve Striped Women's Top,,1399.0,,,Clothing
,,,,,Others
 Length-25,,,,,Sleeves-22; Medium-Chest-32
 Length-25,,,,,Sleeves-22; Medium-Chest-32
TeeMoods Casual Full Sleeve Striped Women's Top,,1399.0,,,Clothing
,,,,,Others
 Length-25,,,,,Sleeves-22; Medium-Chest-32
 Length-25,,,,,Sleeves-22; Medium-Chest-32
TeeMoods Casual Full Sleeve Striped Women's Top,,1399.0,,,Clothing
,,,,,Others
 Length-25,,,,,Sleeves-22; Medium-Chest-32
 Length-25,,,,,Sleeves-22; Medium-Chest-32
TeeMoods Casual Full Sleeve Striped Women's Top,,1399.0,,,Clothing
,,,,,Others
 Length-25,,,,,Sleeves-22; Medium-Chest-32
 Length-25,,,,,Sleeves-22; Medium-Chest-32
TeeMoods Casual Full Sleeve Striped Women's Top,,1399.0,,,Clothing
,,,,,Others
 Length-25,,,,,Sleeves-22; Medium-Chest-32
 Length-25,,,,,Sleeves-22; Medium-Chest-32
TeeMoods Casual Full Sleeve Striped Women's Top,,1399.0,,,Clothing
,,,,,Others
 Length-25,,,,,Sleeves-22; Medium-Chest-32
 Length-25,,,,,Sleeves-22; Medium-Chest-32
The Clove Casual 3/4 Sleeve Striped Women's Top,,1499.0,,,Clothing
Nun Casual Full Sleeve Striped Women's Top,,1195.0,,,Clothing
,,,,,Others
,,,,,Others
,,,,,Others
Moda Vastra Casual 3/4 Sleeve Graphic Print Women's Top,,1799.0,,,Clothing
,,,,,Others
,,,,,Others
,,,,,Others
Nishtaa Yellow Gold 22 K Ring,7180.0,6821.0,,,Jewellery
,,,,,Others
 or at the workplace. All NISHTAA products are 916 Hallmarked and BIS certified. All NISHTAA Products come with a Jewellery Box and Guarantee card.,,,,,Others
" or at the workplace. All NISHTAA products are 916 Hallmarked and BIS certified. All NISHTAA Products come with a Jewellery Box and Guarantee card.""",,,,,Others
Cation Casual 3/4 Sleeve Solid Women's Top,,899.0,,,Clothing
Cation Casual Short Sleeve Solid Women's Top,,1099.0,,,Clothing
Cation Casual 3/4 Sleeve Solid Women's Top,,2800.0,,,Clothing
Nishtaa Yellow Gold 22 K Ring,7810.0,7420.0,,,Jewellery
,,,,,Others
 or at the workplace. All NISHTAA products are 916 Hallmarked and BIS certified. All NISHTAA Products come with a Jewellery Box and Guarantee card.,,,,,Others
" or at the workplace. All NISHTAA products are 916 Hallmarked and BIS certified. All NISHTAA Products come with a Jewellery Box and Guarantee card.""",,,,,Others
"Cation Casual Short Sleeve, 3/4 Sleeve Solid Women's Top",,2600.0,,,Clothing
Shopaholic Casual 3/4 Sleeve Solid Women's Top,,1299.0,,,Clothing
Fundoo T Full Sleeve Solid Men's Sweatshirt,1998.0,749.0,,,Clothing
,,,,,Others
,,,,,Others
,,,,,Others
Cation Casual 3/4 Sleeve Printed Women's Top,,1099.0,,,Clothing
Fundoo T Full Sleeve Solid Men's Sweatshirt,1998.0,749.0,,,Clothing
,,,,,Others
,,,,,Others
,,,,,Others
Goddess Women Casual 3/4 Sleeve Solid Women's Top,,1199.0,,,Clothing
BownBee Girl's Gathered Dress,999.0,799.0,,,Clothing
Fundoo T Full Sleeve Solid Men's Sweatshirt,1998.0,749.0,,,Clothing
,,,,,Others
,,,,,Others
,,,,,Others
Herberto Girl's A-line Dress,1699.0,849.0,,,Clothing
Fundoo T Full Sleeve Solid Men's Sweatshirt,1998.0,749.0,,,Clothing
,,,,,Others
,,,,,Others
,,,,,Others
Herberto Girl's A-line Dress,2999.0,1499.0,,,Clothing
Fundoo T Full Sleeve Solid Men's Sweatshirt,1998.0,749.0,,,Clothing
,,,,,Others
,,,,,Others
,,,,,Others
Herberto Girl's High Low Dress,1899.0,1025.0,,,Clothing
Fundoo T Full Sleeve Solid Men's Sweatshirt,1998.0,749.0,,,Clothing
,,,,,Others
,,,,,Others
,,,,,Others
Herberto Girl's A-line Dress,1599.0,649.0,,,Clothing
Herberto Girl's A-line Dress,2999.0,1619.0,,,Clothing
Jewels Of Jaipur Gold Ruby Yellow Gold 14 K Ring,11076.0,9414.0,,,Jewellery
,,,,,Others
 Diamond Cut: Brilliant,,,,,Others
" Diamond Cut: Brilliant""",,,,,Others
Jewels Of Jaipur Gold Ruby Yellow Gold 14 K Ring,11587.0,9848.0,,,Jewellery
,,,,,Others
 Diamond Cut: Brilliant,,,,,Others
" Diamond Cut: Brilliant""",,,,,Others
"BlueStone The Ziva Yellow Gold Diamond, Emerald 18 K Ring",31300.0,28313.0,,,Jewellery
United Colors of Benetton Striped Round Neck Casual Women's Sweater,2499.0,1624.0,,,Clothing
United Colors of Benetton Solid Round Neck Casual Women's Sweater,2499.0,1624.0,,,Clothing
,,,,,Others
,,,,,Others
No rating available,,,,,Others
Tapyti Casual Full Sleeve Solid Women's Top,,845.0,,,Clothing
,,,,,Others
,,,,,Others
,,,,,Others
Only Party Short Sleeve Solid Women's Top,,1495.0,,,Clothing
,,,,,Others
,,,,,Others
,,,,,{{Sleeve
Elisabetta Bartolli Party Short Sleeve Solid Women's Top,,2095.0,,,Clothing
,,,,,Others
 Suttle Partywear For All Occasions,,,,,Others
" Suttle Partywear For All Occasions""",,,,,Others
Tapyti Casual Short Sleeve Solid Women's Top,,815.0,,,Clothing
MSL Women Flats,499.0,499.0,,,Footwear
Tapyti Party Sleeveless Solid Women's Top,,1275.0,,,Clothing
Nishtaa Yellow Gold 22 K Ring,9300.0,8835.0,,,Jewellery
,,,,,Others
 or at the workplace. All NISHTAA products are 916 Hallmarked and BIS certified. All NISHTAA Products come with a Jewellery Box and Guarantee card.,,,,,Others
" or at the workplace. All NISHTAA products are 916 Hallmarked and BIS certified. All NISHTAA Products come with a Jewellery Box and Guarantee card.""",,,,,Others
JDX Plain Bed/Sleeping Pillow,,7999.0,,,Home Furnishing
,,,,,Others
 Washable,,,,,Others
 Washable,,,,,Others
Cation Casual 3/4 Sleeve Solid Women's Top,,999.0,,,Clothing
JDX Plain Bed/Sleeping Pillow,,5299.0,,,Home Furnishing
,,,,,Others
 Washable,,,,,Others
 Washable,,,,,Others
Cation Casual 3/4 Sleeve Solid Women's Top,,1998.0,,,Clothing
JDX Plain Bed/Sleeping Pillow,,5899.0,,,Home Furnishing
,,,,,Others
 Washable,,,,,Others
 Washable,,,,,Others
Cation Casual Short Sleeve Solid Women's Top,,899.0,,,Clothing
DailyObjects Back Cover for iPad Mini/Retina Display,1999.0,1685.0,,,Mobiles & Accessories
,,,,,Others
 so that you are not like lot of the other out there. Not only this but it will also protect your phone and will help you to keep it in its pristine form. Give your phone the protection of this classy case which will act as a shield against dust,,,,,Others
 so that you are not like lot of the other out there. Not only this but it will also protect your phone and will help you to keep it in its pristine form. Give your phone the protection of this classy case which will act as a shield against dust,,,,,Others
Life by Shoppers Stop Women's Gathered Dress,1399.0,839.0,,,Clothing
,,,,,Others
,,,,,Others
No rating available,,,,,Others
Kiara Jewellery Sterling Silver Cubic Zirconia Rhodium Ring,2975.0,1475.0,,,Jewellery
Kiara Jewellery Sterling Silver Cubic Zirconia Rhodium Ring,3675.0,2175.0,,,Jewellery
Calgari Women's Gathered Dress,1799.0,1799.0,,,Clothing
Dumdaar.com Women's Gathered Dress,1699.0,899.0,,,Clothing
,,,,,Others
,,,,,Others
No rating available,,,,,Others
Kiara Jewellery Sterling Silver Cubic Zirconia Rhodium Ring,4525.0,3025.0,,,Jewellery
Kiara Jewellery Silver Cubic Zirconia Rhodium Ring,3911.0,1955.0,,,Jewellery
Krasns Couture Formal Sleeveless Solid Women's Top,,2900.0,,,Clothing
Forever Fashion Casual Sleeveless Solid Women's Top,,1599.0,,,Clothing
,,,,,Others
 Security Of Buying Value For Money Goods From The Store Of Namaskaar India,,,,,Others
 Security Of Buying Value For Money Goods From The Store Of Namaskaar India,,,,,Others
JDX Plain Bed/Sleeping Pillow,,5899.0,,,Home Furnishing
,,,,,Others
 Washable,,,,,Others
 Washable,,,,,Others
JDX Plain Bed/Sleeping Pillow,,7999.0,,,Home Furnishing
JDX Plain Bed/Sleeping Pillow,,10999.0,,,Home Furnishing
,,,,,Others
 Washable,,,,,Others
 Washable,,,,,Others
Ishtaa Gold Cubic Zirconia 18 K Ring,8690.0,8255.0,,,Jewellery
,,,,,Others
 cluster and other patterns.,,,,,Others
" cluster and other patterns.""",,,,,Others
Selfcare Soft & Comfortable Newly Launched Girl's Top - Pyjama Set,749.0,369.0,,,Clothing
,,,,,Others
,,,,,Others
,,,,,Others
Selfcare Soft & Comfortable Newly Launched Girl's Top,720.0,360.0,,,Clothing
,,,,,Others
,,,,,Others
,,,,,Others
Selfcare Soft & Comfortable Newly Launched Girl's Pyjama,740.0,370.0,,,Clothing
Selfcare Soft & Comfortable Newly Launched Girl's Pyjama,740.0,370.0,,,Clothing
Selfcare Soft & Comfortable Newly Launched Girl's Pyjama,740.0,370.0,,,Clothing
,,,,,Others
,,,,,Others
,,,,,Others
Selfcare Soft & Comfortable Newly Launched Girl's Top,720.0,360.0,,,Clothing
,,,,,Others
,,,,,Others
,,,,,Others
Selfcare Girl's Top - Pyjama Set,749.0,369.0,,,Clothing
,,,,,Others
,,,,,Others
,,,,,Others
BlueStone The Sestet Yellow Gold Diamond 14 K Ring,23124.0,20581.0,,,Jewellery
YK Self Design Round Neck Casual Boy's Sweater,1199.0,779.0,,,Clothing
,,,,,Others
 and long sleeves. Pep up your little boy's look with this trendy sweater. Layer it for him over a solid shirt,,,,,Others
 and long sleeves. Pep up your little boy's look with this trendy sweater. Layer it for him over a solid shirt,,,,,Others
Addyvero Geometric Print Round Neck Casual Boy's Sweater,1499.0,549.0,,,Clothing
,,,,,Others
,,,,,Others
No rating available,,,,,Others
Next Steps Striped Round Neck Casual Boy's Sweater,599.0,439.0,,,Clothing
,,,,,Others
,,,,,Others
,,,,,Others
BlueStone The Elettra Yellow Gold Diamond 18 K Ring,15916.0,15916.0,,,Jewellery
Herberto Girl's A-line Dress,2899.0,1499.0,,,Clothing
Ozel Studio Casual Full Sleeve Floral Print Women's Top,,1645.0,,,Clothing
,,,,,Others
,,,,,Others
No rating available,,,,,Others
Navaksha Necktie Men's  Combo,1550.0,756.0,,,Clothing
,,,,,Others
 Cufflinks,,,,,Others
 Cufflinks,,,,,Others
Navaksha Necktie Men's  Combo,1550.0,756.0,,,Clothing
,,,,,Others
 Cufflinks,,,,,Others
 Cufflinks,,,,,Others
Navaksha Necktie Men's  Combo,1550.0,756.0,,,Clothing
,,,,,Others
 Cufflinks,,,,,Others
 Cufflinks,,,,,Others
Navaksha Necktie Men's  Combo,1550.0,756.0,,,Clothing
,,,,,Others
 Cufflinks,,,,,Others
 Cufflinks,,,,,Others
Navaksha Necktie Men's  Combo,1400.0,840.0,,,Clothing
,,,,,Others
,,,,,Others
No rating available,,,,,Others
Navaksha Necktie Men's  Combo,1400.0,840.0,,,Clothing
,,,,,Others
,,,,,Others
No rating available,,,,,Others
Superkids Solid Round Neck Casual Boy's Sweater,825.0,825.0,,,Clothing
Bells And Whistles Striped Round Neck Boy's Sweater,1099.0,659.0,,5.0,Clothing
Babeezworld Solid Round Neck Boy's Sweater,1400.0,800.0,,,Clothing
,,,,,Others
,,,,,Others
,,,,,Others
BlueStone The Crocio Band Yellow Gold Diamond 14 K Ring,22946.0,20423.0,,,Jewellery
Betty Girl's Maxi Dress,1990.0,1990.0,,,Clothing
,,,,,Others
,,,,,Others
No rating available,,,,,Others
Betty Girl's Maxi Dress,2070.0,2070.0,,,Clothing
Betty Girl's Maxi Dress,2230.0,2007.0,,,Clothing
,,,,,Others
,,,,,Others
No rating available,,,,,Others
Betty Girl's Maxi Dress,2120.0,2120.0,,,Clothing
,,,,,Others
,,,,,Others
No rating available,,,,,Others
Betty Girl's Maxi Dress,2055.0,2055.0,,,Clothing
,,,,,Others
,,,,,Others
No rating available,,,,,Others
Betty Girl's Maxi Dress,2630.0,2630.0,,,Clothing
Betty Girl's Maxi Dress,2455.0,2455.0,,,Clothing
,,,,,Others
 Neck - V Neck,,,,,Others
 Neck - V Neck,,,,,Others
Betty Girl's Maxi Dress,1995.0,1995.0,,,Clothing
,,,,,Others
 Neck - V Neck,,,,,Others
 Neck - V Neck,5.0,,,,Others
Betty Girl's Maxi Dress,1995.0,1995.0,,,Clothing
,,,,,Others
 Neck - V Neck,,,,,Others
 Neck - V Neck,,,,,Others
Karatcraft Risena Gold Diamond 18 K Ring,44470.0,37058.0,,,Jewellery
,,,,,Others
 just like your spirits.,,,,,Others
" just like your spirits.""",,,,,Others
Nineteen Casual Bell Sleeve Solid Women's Top,,1199.0,,,Clothing
,,,,,Others
,,,,,Others
No rating available,,,,,Others
Imagination Casual Full Sleeve Solid Women's Top,,999.0,,,Clothing
,,,,,Others
,,,,,Others
,,,,,Others
Imagination Casual Full Sleeve Solid Women's Top,,999.0,,,Clothing
Imagination Casual Full Sleeve Striped Women's Top,,1299.0,,,Clothing
,,,,,Others
,,,,,Others
,,,,,{{Sleeve
Klick Casual Full Sleeve Solid Women's Top,,1799.0,,,Clothing
NOD Casual Full Sleeve Solid Women's Top,,1999.0,,,Clothing
Besiva Casual Full Sleeve Solid Women's Top,,699.0,,,Clothing
,,,,,Others
,,,,,Others
No rating available,,,,,Others
Imagination Casual Full Sleeve Solid Women's Top,,999.0,,,Clothing
,,,,,Others
,,,,,Others
,,,,,Others
Cation Casual Short Sleeve Solid Women's Top,,1400.0,,,Clothing
Cation Casual 3/4 Sleeve Solid Women's Top,,1099.0,,,Clothing
Yna Wayfarer Sunglasses,1199.0,299.0,,,Sunglasses
TeeMoods Casual Short Sleeve Solid Women's Top,,999.0,,,Clothing
TeeMoods Casual Short Sleeve Solid Women's Top,,999.0,,,Clothing
TeeMoods Casual Full Sleeve Solid Women's Top,,999.0,,,Clothing
Karatcraft Triniya Promise Gold Diamond 18 K Ring,44019.0,28011.0,,,Jewellery
,,,,,Others
,,,,,Others
No rating available,,,,,Karatcraft
Aaliya Casual Sleeveless Solid Women's Top,,1400.0,,,Clothing
Karatcraft Citra Engagement Gold Diamond 18 K Ring,46772.0,33298.0,,,Jewellery
,,,,,Others
,,,,,Others
No rating available,,,,,Karatcraft
Cation Casual Short Sleeve Solid Women's Top,,899.0,,,Clothing
Cation Casual Short Sleeve Solid Women's Top,,1200.0,,,Clothing
Cation Casual 3/4 Sleeve Solid Women's Top,,1400.0,,,Clothing
Cation Casual 3/4 Sleeve Solid Women's Top,,899.0,,,Clothing
"Cation Casual Short Sleeve, Sleeveless Solid Women's Top",,2200.0,,,Clothing
Cation Casual Sleeveless Solid Women's Top,,899.0,,,Clothing
Paprika Party Sleeveless Solid Women's Top,,799.0,,,Clothing
,,,,,Others
,,,,,Others
No rating available,,,,,Others
Yepme Women Flats,399.0,199.0,,,Footwear
,,,,,Others
,,,,,Others
,,,,,Others
,,,,,Others
,,,,,Others
,,,,,Others
,,,,,Others
Karatcraft Sima Gold Diamond 18 K Ring,49999.0,35698.0,,,Jewellery
,,,,,Others
,,,,,Others
No rating available,,,,,Karatcraft
Stilestreet Casual Short Sleeve Solid Women's Top,,699.0,,,Clothing
,,,,,Others
,,,,,Others
4,,,,,Others
Gag Wear Casual Short Sleeve Solid Women's Top,,699.0,,,Clothing
,,,,,Others
,,,,,Others
,,,,,Others
Karatcraft Ailey Band Gold Diamond 18 K Ring,47049.0,33702.0,,,Jewellery
,,,,,Others
,,,,,Others
No rating available,,,,,Karatcraft
Karatcraft Clariz Gold Diamond 18 K Ring,42860.0,38964.0,,,Jewellery
,,,,,Others
,,,,,Others
No rating available,,,,,Karatcraft
Foot Candy Women Heels,1599.0,799.0,,,Footwear
Foot Candy Women Heels,1799.0,899.0,,,Footwear
,,,,,Others
,,,,,Others
No rating available,,,,,Others
Foot Candy Women Heels,1599.0,799.0,,,Footwear
,,,,,Others
,,,,,Others
No rating available,,,,,Others
Foot Candy Women Heels,1599.0,799.0,,,Footwear
,,,,,Others
,,,,,Others
No rating available,,,,,Others
Kiara Jewellery Sterling Silver Cubic Zirconia Rhodium Ring,3075.0,1537.0,,,Jewellery
Kiara Jewellery Sterling Silver Cubic Zirconia Rhodium Ring,2875.0,1375.0,,,Jewellery
Kiara Jewellery Sterling Silver Cubic Zirconia Rhodium Ring,3425.0,1925.0,,,Jewellery
Kiara Jewellery Sterling Silver Cubic Zirconia Rhodium Ring,3475.0,1975.0,,,Jewellery
Kiara Jewellery Sterling Silver Cubic Zirconia Rhodium Ring,3275.0,1637.0,,,Jewellery
Kiara Jewellery Sterling Silver Cubic Zirconia Rhodium Ring,3875.0,1375.0,,,Jewellery
Kiara Jewellery KIR0344 Silver Cubic Zirconia Rhodium Ring,3467.0,1733.0,,,Jewellery
Kiara Jewellery Sterling Silver Cubic Zirconia Rhodium Ring,3625.0,2125.0,,,Jewellery
Navaksha Necktie Men's  Combo,1550.0,756.0,,,Clothing
,,,,,Others
 Cufflinks,,,,,Others
 Cufflinks,,,,,Others
Navaksha Necktie Men's  Combo,1550.0,756.0,,,Clothing
,,,,,Others
 Cufflinks,,,,,Others
 Cufflinks,,,,,Others
Navaksha Necktie Men's  Combo,1550.0,756.0,,,Clothing
,,,,,Others
 Cufflinks,,,,,Others
 Cufflinks,,,,,Others
Navaksha Necktie Men's  Combo,1550.0,756.0,,,Clothing
,,,,,Others
 Cufflinks,,,,,Others
 Cufflinks,,,,,Others
Navaksha Necktie Men's  Combo,1550.0,756.0,,,Clothing
,,,,,Others
 Cufflinks,,,,,Others
 Cufflinks,,,,,Others
Navaksha Necktie Men's  Combo,1550.0,756.0,,,Clothing
,,,,,Others
 Cufflinks,,,,,Others
 Cufflinks,,,,,Others
Navaksha Necktie Men's  Combo,1550.0,756.0,,,Clothing
,,,,,Others
 Cufflinks,,,,,Others
 Cufflinks,,,,,Others
Navaksha Necktie Men's  Combo,1550.0,756.0,,,Clothing
Navaksha Necktie Men's  Combo,1550.0,756.0,,,Clothing
,,,,,Others
 Cufflinks,,,,,Others
 Cufflinks,,,,,Others
Navaksha Necktie Men's  Combo,1550.0,756.0,,,Clothing
Navaksha Necktie Men's  Combo,1550.0,756.0,,,Clothing
Navaksha Necktie Men's  Combo,1550.0,756.0,,,Clothing
C&S Shopping Gallery Women's Leggings,1199.0,499.0,,,Clothing
Riva Carpets Cotton Free Bath Mat Classic Shag Bathmat-RI-04,1899.0,1899.0,,,Home Furnishing
,,,,,Others
,,,,,Others
,,,,,Others
,,,,,Others
Riva Carpets,,,,,Others
Riva Carpets Cotton Free Bath Mat Classic Loop Shag Bathmat_RI-527,1799.0,1799.0,,,Home Furnishing
Riva Carpets Cotton Free Bath Mat Classic Shag Bathmat-RI-04,1899.0,1899.0,,,Home Furnishing
,,,,,Others
,,,,,Others
,,,,,Others
,,,,,Others
Riva Carpets,,,,,Others
Riva Carpets Cotton Free Bath Mat Classic Shag Bathmat-RI-04,1899.0,1899.0,,,Home Furnishing
Riva Carpets Cotton Free Bath Mat Classic Shag Bathmat-RI-04,1899.0,1899.0,,,Home Furnishing
Karatcraft Klytie Gold Diamond 18 K Ring,48043.0,31471.0,,,Jewellery
,,,,,Others
 thats you,,,,,Others
" thats you""",,,,,Others
Lamere Women Flats,1299.0,779.0,,,Footwear
Karatcraft Klytie Gold Diamond 18 K Ring,49999.0,33519.0,,,Jewellery
,,,,,Others
 thats you,,,,,Others
" thats you""",,,,,Others
Karatcraft Robini Emerald Gold Diamond 18 K Ring,49999.0,33607.0,,,Jewellery
,,,,,Others
,,,,,Others
No rating available,,,,,Karatcraft
Karatcraft Trilic Gold Diamond 18 K Ring,49999.0,33761.0,,,Jewellery
,,,,,Others
,,,,,Others
No rating available,,,,,Karatcraft
Allure Silver Amethyst Sterling Silver Ring,3130.0,1899.0,,,Jewellery
,,,,,Others
 featuring an eye-catching finish. Made in India,,,,,Others
" featuring an eye-catching finish. Made in India""",,,,,Others
Kiara Jewellery Sterling Silver Swarovski Crystal Yellow Gold Ring,3178.0,1589.0,,,Jewellery
Kiara Jewellery Sterling Silver Cubic Zirconia Rhodium Ring,3225.0,1225.0,,,Jewellery
CurVy Q Casual Butterfly Sleeve Solid Women's Top,,799.0,,,Clothing
,,,,,Others
,,,,,Others
No rating available,,,,,Others
Karatcraft Clariz Gold Diamond 18 K Ring,44445.0,30409.0,,,Jewellery
,,,,,Others
,,,,,Others
No rating available,,,,,Karatcraft
Kiara Jewellery Sterling Silver Cubic Zirconia Rhodium Ring,2975.0,1475.0,,,Jewellery
Kiara Jewellery Sterling Silver Cubic Zirconia Rhodium Ring,2975.0,1475.0,,,Jewellery
Kiara Jewellery Sterling Silver Cubic Zirconia Rhodium Ring,2609.0,1109.0,,,Jewellery
"Majori Casual, Festive, Party Short Sleeve Floral Print Women's Top",,850.0,,,Clothing
,,,,,Others
,,,,,Others
,,,,,Others
Uptownie Lite Party Short Sleeve Floral Print Women's Top,,999.0,,,Clothing
Zastraa Party Full Sleeve Embroidered Women's Top,,2299.0,,,Clothing
Karatcraft Musimi Gold Diamond 18 K Ring,23356.0,12183.0,,,Jewellery
,,,,,Others
,,,,,Others
No rating available,,,,,Karatcraft
Navaksha Necktie Men's  Combo,1550.0,756.0,,,Clothing
,,,,,Others
 Cufflinks,,,,,Others
 Cufflinks,,,,,Others
Navaksha Necktie Men's  Combo,1550.0,756.0,,,Clothing
Posto Necktie Men's  Combo,3499.0,1499.0,,,Clothing
G-Luck Silver Turquoise NA K Ring,3680.0,3200.0,,,Jewellery
G-Luck Silver Turquoise NA K Ring,4888.0,4250.0,,,Jewellery
G-Luck Silver Turquoise NA K Ring,3738.0,3250.0,,,Jewellery
FabAlley Casual Short Sleeve Solid Women's Top,,900.0,,,Clothing
Navaksha Necktie Men's  Combo,1550.0,756.0,,,Clothing
,,,,,Others
 Cufflinks,,,,,Others
 Cufflinks,,,,,Others
FabAlley Casual Sleeveless Solid Women's Top,,650.0,,,Clothing
Navaksha Necktie Men's  Combo,1550.0,756.0,,,Clothing
Navaksha Necktie Men's  Combo,1550.0,756.0,,,Clothing
,,,,,Others
 Cufflinks,,,,,Others
 Cufflinks,,,,,Others
Navaksha Necktie Men's  Combo,1550.0,756.0,,,Clothing
FabAlley Casual Short Sleeve Solid Women's Top,,750.0,,,Clothing
Navaksha Necktie Men's  Combo,1550.0,756.0,,,Clothing
,,,,,Others
 Cufflinks,,,,,Others
 Cufflinks,,,,,Others
Navaksha Necktie Men's  Combo,1550.0,756.0,,,Clothing
,,,,,Others
 Cufflinks,,,,,Others
 Cufflinks,,,,,Others
Navaksha Necktie Men's  Combo,1550.0,756.0,,,Clothing
,,,,,Others
 Cufflinks,,,,,Others
 Cufflinks,,,,,Others
FabAlley Casual Sleeveless Printed Women's Top,,1200.0,,,Clothing
FabAlley Casual Sleeveless Solid Women's Top,,900.0,,,Clothing
FabAlley Casual Sleeveless Solid Women's Top,,900.0,,,Clothing
The Vanca Formal Sleeveless Printed Women's Top,,1299.0,,,Clothing
,,,,,Others
,,,,,Others
,,,,,Others
Zoysia Casual 3/4 Sleeve Solid Women's Top,,3190.0,,,Clothing
,,,,,Others
,,,,,Others
No rating available,,,,,Others
Nell Women Heels,1485.0,699.0,,,Footwear
Anaya Women Heels,1699.0,699.0,,,Footwear
,,,,,Others
,,,,,Others
,,,,,{{Occasion
Bellafoz Women Heels,999.0,499.0,,,Footwear
,,,,,Others
,,,,,Others
,,,,,Others
Bellafoz Women Heels,999.0,499.0,,,Footwear
,,,,,Others
,,,,,Others
,,,,,Others
Bellafoz Women Heels,999.0,499.0,,,Footwear
,,,,,Others
,,,,,Others
,,,,,Others
Klick2Style Casual Sleeveless Solid Women's Top,,1599.0,,,Clothing
Ishtaa Gold Cubic Zirconia 18 K Ring,8300.0,7885.0,,,Jewellery
,,,,,Others
 cluster and other patterns.,,,,,Others
" cluster and other patterns.""",,,,,Others
Vastra Valley Girl's A-line Dress,850.0,797.0,,,Clothing
Beebay Girl's A-line Dress,895.0,399.0,,,Clothing
,,,,,Others
,,,,,Others
,,,,,Others
Kidzblush Girl's A-line Dress,899.0,449.0,,,Clothing
,,,,,Others
,,,,,Others
,,,,,Others
Vastra Valley Girl's Gathered Dress,700.0,550.0,,,Clothing
My Little Joy Casual Short Sleeve Printed Girl's Top,599.0,299.0,,,Clothing
,,,,,Others
,,,,,Others
,,,,,Others
My Little Joy Casual Short Sleeve Printed Girl's Top,599.0,299.0,,,Clothing
My Little Joy Casual Short Sleeve Printed Baby Girl's Top,599.0,299.0,,,Baby Care
Wise Guys Pouch for Lenovo S880,249.0,249.0,,,Mobiles & Accessories
Kiara Jewellery Sterling Silver Cubic Zirconia Rhodium Ring,4025.0,2525.0,,,Jewellery
Kiara Jewellery Sterling Silver Swarovski Crystal Yellow Gold Ring,2733.0,1366.0,,,Jewellery
,,,,,Others
,,,,,Others
,,,,,Others
,,,,,Others
,,,,,Others
,,,,,Others
,,,,,Others
,,,,,Others
Kiara Jewellery,,,,,Others
Kiara Jewellery Sterling Silver Cubic Zirconia Rhodium Ring,3238.0,1238.0,,,Jewellery
"BlueStone Sylvan Lattice Yellow Gold Diamond, Pearl 18 K Ring",38992.0,32255.0,,,Jewellery
,,,,,Others
,,,,,Others
No rating available,,,,,BlueStone
United Colors of Benetton Solid Round Neck Casual Women's Sweater,2499.0,1624.0,,,Clothing
,,,,,Others
 enjoy your wear with this much famed brand named United Colors of Benetton.,,,,,Others
" enjoy your wear with this much famed brand named United Colors of Benetton.""",,,,,Others
United Colors of Benetton Solid Round Neck Casual Women's Sweater,2099.0,1364.0,,,Clothing
Navaksha Necktie Men's  Combo,1550.0,756.0,,,Clothing
Navaksha Necktie Men's  Combo,1550.0,756.0,,,Clothing
,,,,,Others
 Cufflinks,,,,,Others
 Cufflinks,,,,,Others
Karatcraft Duma Stackable Gold Diamond 18 K Ring,13859.0,8222.0,,,Jewellery
,,,,,Others
,,,,,Others
No rating available,,,,,Karatcraft
Tapyti Casual 3/4 Sleeve Solid Women's Top,,875.0,,,Clothing
,,,,,Others
,,,,,Others
,,,,,Others
Navaksha Necktie Men's  Combo,1550.0,756.0,,,Clothing
,,,,,Others
 Cufflinks,,,,,Others
 Cufflinks,,,,,Others
G-Luck Gomed Stone Weight - 12.3 Carat / 14.47 Ratti Silver Garnet Ring,7820.0,6800.0,,,Jewellery
Navaksha Necktie Men's  Combo,1550.0,756.0,,,Clothing
,,,,,Others
 Cufflinks,,,,,Others
 Cufflinks,,,,,Others
Tapyti Casual Full Sleeve Solid Women's Top,,845.0,,,Clothing
,,,,,Others
,,,,,Others
,,,,,Others
Kundali Gold Topaz 18 K Ring,25185.0,21900.0,,,Jewellery
Navaksha Necktie Men's  Combo,1550.0,756.0,,,Clothing
,,,,,Others
 Cufflinks,,,,,Others
 Cufflinks,,,,,Others
Tapyti Casual Sleeveless Solid Women's Top,,999.0,,,Clothing
Miss Chase Casual Sleeveless Solid Women's Top,,1399.0,,,Clothing
,,,,,Others
,,,,,Others
,,,,,{{Sleeve
Nine Lions Bollywood Fashion Casual Short Sleeve Solid Women's Top,,1650.0,,,Clothing
,,,,,Others
,,,,,Others
,,,,,Others
BlueStone The Ciara for her Yellow Gold Diamond 18 K Ring,20438.0,20438.0,,,Jewellery
Wrangler Men's Casual Shirt,1795.0,1795.0,,,Clothing
Sequences Girl's A-line Dress,1350.0,749.0,,,Clothing
For Kids Girl's A-line Dress,5999.0,2999.0,,,Clothing
,,,,,Others
,,,,,Others
No rating available,,,,,Others
Akshadha Girl's A-line Dress,799.0,799.0,,,Clothing
Herberto Girl's A-line Dress,1899.0,949.0,,,Clothing
For Kids Girl's A-line Dress,5799.0,2899.0,,,Clothing
De Kafal Girl's Gathered Dress,1299.0,799.0,,,Clothing
Rute Floral Print Women's Round Neck T-Shirt,,1299.0,,,Clothing
,,,,,Others
,,,,,Others
,,,,,Others
Indian Gems And Jewells Certified 2 Cts Sterling Silver Ruby Ring,5000.0,3500.0,,,Jewellery
,,,,,Others
,,,,,Others
,,,,,Others
,,,,,Others
,,,,,Others
,,,,,Others
,,,,,Others
,,,,,Others
,,,,,Others
,,,,,Others
,,,,,Others
,,,,,Others
Indian Gems And Jewells,,,,,Others
Karatcraft Valusha Gold Diamond 18 K Ring,16646.0,12094.0,,,Jewellery
,,,,,Others
,,,,,Others
Karatcraft,,,,,{{Pack of
Elite Neckties Necktie Men's  Combo,1199.0,399.0,,,Clothing
Kundali Pukhraj Stone Weight - 3.8 Carat / 4.47 Ratti Gold Sapphire 18 K Ring,45856.0,39875.0,,,Jewellery
"Lee Solid V-neck Casual, Party Men's Sweater",2299.0,1494.0,,,Clothing
,,,,,Others
,,,,,Others
No rating available,,,,,Others
Myesquire Square Pot Aroma Electric Burner Lemongrass Liquid Air Freshener,1600.0,628.0,,,Home Decor & Festive Needs
Myesquire Black and White Aroma Burner Combo Lemongrass Liquid Air Freshener,750.0,310.0,,,Home Decor & Festive Needs
,,,,,Others
 Tea Lights,,,,,Aroma Burner Oil
 Tea Lights,,,,,Aroma Burner Oil
Myesquire Oval Electric Aroma Lemongrass Liquid Air Freshener,890.0,590.0,,,Home Decor & Festive Needs
,,,,,Others
,,,,,Others
No rating available,,,,,Others
Myesquire Oval Electric Aroma Lemongrass Liquid Air Freshener,955.0,599.0,,,Home Decor & Festive Needs
,,,,,Others
,,,,,Others
No rating available,,,,,Others
Pulpypapaya Self Design Women's Round Neck T-Shirt,,499.0,,,Clothing
,,,,,Others
,,,,,Others
No rating available,,,,,Others
Kea Casual Sleeveless Solid Women's Top,,1999.0,,,Clothing
,,,,,Others
,,,,,Others
,,,,,Others
Rampwalk Casual Sleeveless Solid Women's Top,,799.0,,,Clothing
,,,,,Others
 the look feels a lot more approachable. If you choose this top it will give you a different look when styled with various cloth pieces and be fashion forward.,,,,,Others
" the look feels a lot more approachable. If you choose this top it will give you a different look when styled with various cloth pieces and be fashion forward.""",,,,,Others
Alibi Casual Sleeveless Solid Women's Top,,499.0,,,Clothing
,,,,,Others
,,,,,Others
No rating available,,,,,Others
Karatcraft Zunia Gold Diamond 18 K Ring,19306.0,14450.0,,,Jewellery
Karatcraft Bibiana Gold Diamond 18 K Ring,24911.0,14001.0,,,Jewellery
,,,,,Others
 caf,,,,,Others
 caf,,,,,Others
"BlueStone The Rajeshwari White Gold Diamond, Emerald, Ruby 18 K Ring",24984.0,22904.0,,,Jewellery
Fundoo T Printed Men's Track Suit,,,,,Clothing
,,,,,Others
,,,,,Others
No rating available,,,,,Others
Tapyti Casual Sleeveless Solid Women's Top,,999.0,,,Clothing
Miss Chase Casual Sleeveless Solid Women's Top,,1399.0,,,Clothing
,,,,,Others
,,,,,Others
,,,,,{{Sleeve
Miss Chase Casual Sleeveless Solid Women's Top,,899.0,,,Clothing
Nine Lions Bollywood Fashion Party Sleeveless Solid Women's Top,,2700.0,,,Clothing
,,,,,Others
,,,,,Others
,,,,,Others
Parron Men's Solid Casual Shirt,1449.0,699.0,,,Clothing
,,,,,Others
,,,,,Others
Slim,,,,,Others
Parron Men's Solid Casual Shirt,1449.0,598.0,,,Clothing
,,,,,Others
,,,,,Others
Slim,,,,,Others
Parron Men's Printed Casual Shirt,1449.0,699.0,,,Clothing
,,,,,Others
,,,,,Others
Slim,,,,,{{Pattern
Parron Men's Solid Casual Shirt,1549.0,749.0,,,Clothing
,,,,,Others
,,,,,Others
Slim,,,,,Others
Parron Men's Solid Casual Shirt,1549.0,749.0,,,Clothing
,,,,,Others
,,,,,Others
Slim,,,,,Others
Modo Vivendi Casual Sleeveless Solid Women's Top,,899.0,,,Clothing
,,,,,Others
,,,,,Others
,,,,,Others
Karatcraft Citra Engagement Gold Diamond 18 K Ring,49999.0,37905.0,,,Jewellery
,,,,,Others
,,,,,Others
No rating available,,,,,Karatcraft
Karatcraft Journa Gold Diamond 18 K Ring,48214.0,40178.0,,,Jewellery
R Factor Casual Sleeveless Geometric Print Women's Top,,2000.0,,,Clothing
Mangosteen Casual 3/4 Sleeve Printed Women's Top,,1999.0,,,Clothing
,,,,,Others
,,,,,Others
,,,,,Others
Karatcraft Raciel Gold Diamond 18 K Ring,42689.0,38808.0,,,Jewellery
,,,,,Others
,,,,,Others
No rating available,,,,,Karatcraft
Modo Vivendi Casual Short Sleeve Solid Women's Top,,999.0,,,Clothing
,,,,,Others
,,,,,Others
,,,,,Others
Modo Vivendi Casual Sleeveless Solid Women's Top,,899.0,,,Clothing
,,,,,Others
,,,,,Others
,,,,,Others
Enah Casual Sleeveless Printed Women's Top,,999.0,,,Clothing
,,,,,Others
,,,,,Others
No rating available,,,,,Others
IskiUski Medieval Sterling Silver Diamond 22K Yellow Gold Ring,17060.0,13120.0,,,Jewellery
,,,,,Others
,,,,,Others
IskiUski,,,,,Others
Kaaryah Casual Short Sleeve Solid Women's Top,,990.0,,,Clothing
Allen Solly Casual Short Sleeve Solid Women's Top,,899.0,,,Clothing
Alibi Casual Short Sleeve Solid Women's Top,,699.0,,,Clothing
,,,,,Others
 this top pairs well with dark coloured pants or skirts.,,,,,Others
" this top pairs well with dark coloured pants or skirts.""",,,,,Others
Butterfly Wears Casual Short Sleeve Solid Women's Top,,999.0,,,Clothing
,,,,,Others
,,,,,Others
No rating available,,,,,Others
Juelle Casual Sleeveless Solid Women's Top,,995.0,,,Clothing
,,,,,Others
,,,,,Others
,,,,,Others
French Creations Casual Short Sleeve Solid Women's Top,,999.0,,,Clothing
,,,,,Others
,,,,,Others
,,,,,Others
,,,,,Others
,,,,,Others
Myesquire Ceramic Coffee Burner Pot Lemongrass Liquid Air Freshener,349.0,245.0,,,Home Decor & Festive Needs
,,,,,Others
,,,,,Others
No rating available,,,,,Others
Myesquire Blue Green Aroma Burner Combo Lemongrass Liquid Air Freshener,790.0,280.0,,,Home Decor & Festive Needs
,,,,,Others
 Tea Lights,,,,,Aroma Burner Oil
 Tea Lights,,,,,Aroma Burner Oil
Myesquire White Brown Aroma Burner Combo Lemongrass Liquid Air Freshener,790.0,270.0,,,Home Decor & Festive Needs
,,,,,Others
 Tea Lights,,,,,Aroma Burner Oil
 Tea Lights,,,,,Aroma Burner Oil
Myesquire Brown Aroma Burner Combo Lemongrass Liquid Air Freshener,790.0,270.0,,,Home Decor & Festive Needs
Myesquire Ceramic Burner Pot Lemongrass Liquid Air Freshener,349.0,245.0,,,Home Decor & Festive Needs
,,,,,Others
,,,,,Others
No rating available,,,,,Others
Myesquire Ceramic Burner Pot Lemongrass Liquid Air Freshener,349.0,245.0,,,Home Decor & Festive Needs
"BlueStone The Golden Arm Yellow Gold Diamond, Pearl 18 K Ring",24624.0,24624.0,,,Jewellery
612 League Girl's Gathered Dress,1045.0,522.0,,,Clothing
612 League Girl's Gathered Dress,1095.0,766.0,,,Clothing
612 League Girl's Gathered Dress,1095.0,766.0,,,Clothing
612 League Girl's Gathered Dress,1045.0,731.0,,,Clothing
Cation Casual Short Sleeve Solid Women's Top,,1200.0,,,Clothing
Blacksoul Casual Short Sleeve Solid Women's Top,,1099.0,,,Clothing
Jewlook Neck Tie Men's  Combo,1799.0,899.0,,,Clothing
Palette Casual Sleeveless Solid Women's Top,,1099.0,,,Clothing
Rampwalk Casual Sleeveless Solid Women's Top,,799.0,,,Clothing
,,,,,Others
 the look feels a lot more approachable. If you choose this top it will give you a different look when styled with various cloth pieces and be fashion forward.,,,,,Others
" the look feels a lot more approachable. If you choose this top it will give you a different look when styled with various cloth pieces and be fashion forward.""",,,,,Others
Rampwalk Casual Sleeveless Solid Women's Top,,799.0,,,Clothing
,,,,,Others
 the look feels a lot more approachable. If you choose this top it will give you a different look when styled with various cloth pieces and be fashion forward.,,,,,Others
" the look feels a lot more approachable. If you choose this top it will give you a different look when styled with various cloth pieces and be fashion forward.""",,,,,Others
The Vanca Casual 3/4 Sleeve Polka Print Women's Top,,1299.0,,,Clothing
,,,,,Others
,,,,,Others
,,,,,Others
The Vanca Casual 3/4 Sleeve Solid Women's Top,,1299.0,,,Clothing
,,,,,Others
,,,,,Others
,,,,,Others
Komnil Solid Women's Polo T-Shirt,,1699.0,,,Clothing
,,,,,Others
,,,,,Others
,,,,,Others
,,,,,Others
,,,,,Others
,,,,,Others
,,,,,Others
,,,,,Others
,,,,,Others
,,,,,Others
,,,,,Others
,,,,,Others
,,,,,Others
,,,,,Others
,,,,,Others
,,,,,Others
,,,,,Others
,,,,,Others
,,,,,Others
,,,,,Others
,,,,,{{Sleeve
Kaaryah Formal Short Sleeve Solid Women's Top,,1484.0,,,Clothing
Kaaryah Formal Sleeveless Solid Women's Top,,1380.0,,,Clothing
H E Creations Brass Cubic Zirconia Yellow Gold Ring,1500.0,500.0,,,Jewellery
Aaliya Festive Full Sleeve Solid Women's Top,,1700.0,,,Clothing
,,,,,Others
,,,,,Others
,,,,,{{Sleeve
Kaaryah Formal Short Sleeve Solid Women's Top,,1360.0,,,Clothing
,,,,,Others
 then keep it simple and joyfull without a doubt,,,,,Others
" then keep it simple and joyfull without a doubt""",,,,,Others
Schwof Casual Full Sleeve Solid Women's Top,,1199.0,,,Clothing
Schwof Party Full Sleeve Solid Women's Top,,999.0,,,Clothing
Aaliya Festive Full Sleeve Self Design Women's Top,,1700.0,,,Clothing
,,,,,Others
,,,,,Others
2.7,,,,,Others
Kaaryah Formal Sleeveless Solid Women's Top,,670.0,,,Clothing
Kaaryah Formal Sleeveless Solid Women's Top,,1390.0,,,Clothing
Waves Girl's A-line Dress,1565.0,939.0,,,Clothing
,,,,,Others
,,,,,Others
,,,,,Others
612 League Girl's Shift Dress,1445.0,1011.0,,,Clothing
Oxolloxo Girl's A-line Dress,1399.0,1119.0,,,Clothing
Kaaryah Casual Sleeveless Solid Women's Top,,1360.0,,,Clothing
Kaaryah Casual 3/4 Sleeve Printed Women's Top,,1290.0,,,Clothing
My Addiction Casual Short Sleeve Printed Women's Top,,799.0,,,Clothing
Colors Couture Casual Short Sleeve Printed Women's Top,,899.0,,,Clothing
Life by Shoppers Stop Casual Short Sleeve Applique Women's Top,,799.0,,,Clothing
Life by Shoppers Stop Casual Sleeveless Solid Women's Top,,1049.0,,,Clothing
WearYourShine by PCJ The Midori Gold Diamond 18 K Ring,15598.0,15598.0,,,Jewellery
,,,,,Others
,,,,,Others
WearYourShine by PCJ,,,,,Others
Roadster Casual Short Sleeve Printed Women's Top,,499.0,,,Clothing
,,,,,Others
 gathersEdgy and with eye-catching prints,,,,,Others
 gathersEdgy and with eye-catching prints,,,,,Others
Trend Arrest Casual 3/4 Sleeve Solid Women's Top,,599.0,,,Clothing
Karatcraft Duilla Ruby Gold Diamond 18 K Ring,48029.0,43663.0,,,Jewellery
"BlueStone The Beatrice White Gold Diamond, Pearl 14 K Ring",22459.0,22459.0,,,Jewellery
Jacknjewel Astonishing Gold Pearl 18K White Gold 18 K Ring,42696.0,25414.0,,,Jewellery
,,,,,Others
,,,,,Others
Jacknjewel,,,,,Others
"KuberBox Sortilge Pearl Gold Diamond, Pearl 14K White Gold 14 K Ring",26054.0,26054.0,,,Jewellery
JacknJewel Gold Pearl Yellow Gold 14 K Ring,17732.0,8689.0,,,Jewellery
,,,,,Others
,,,,,Others
JacknJewel,,,,,Others
FabAlley Casual Full Sleeve Solid Women's Top,,1100.0,,,Clothing
Ishin Casual Full Sleeve Solid Women's Top,,1249.0,,,Clothing
,,,,,Others
,,,,,Others
No rating available,,,,,Others
Ishin Casual Full Sleeve Solid Women's Top,,1249.0,,,Clothing
,,,,,Others
,,,,,Others
No rating available,,,,,Others
Showoff Casual Sleeveless Solid Women's Top,,899.0,,,Clothing
,,,,,Others
,,,,,Others
,,,,,Others
Bedazzle Casual Sleeveless Solid Women's Top,,1200.0,,,Clothing
,,,,,Others
 And Comfort Across All Our Product Range.,,,,,Others
" And Comfort Across All Our Product Range.""",,,,,Others
Yepme Casual Sleeveless Solid Women's Top,,999.0,,,Clothing
Zenescope Entertainment Wonderland The Board Game,5834.0,4958.0,,,Toys & School Supplies
Twilight Creations Humans 3 Zombiecon Board Game,1326.0,1127.0,,,Toys & School Supplies
Dungri India Craft Ducjug008-ducgl017-2 Jug Glass Set,,,,,Kitchen & Dining
Dungri India Craft Ducjug010-ducgl012-2 Jug Glass Set,,,,,Kitchen & Dining
Newworld RTNE Pack Of One -583 Tempered Glass for Xiaomi Mi 4i,599.0,175.0,,,Mobiles & Accessories
Newworld RTNE Pack Of One -446 Tempered Glass for Intex Aqua Sense,599.0,175.0,,,Mobiles & Accessories
Hariom Enterprises Polypropylene Stick Folders,1599.0,499.0,,,Pens & Stationery
Hariom Enterprises Polypropylene Plastic file cover,999.0,399.0,,,Pens & Stationery
BFT 6 W LED Bulb,350.0,350.0,,,Kitchen & Dining
Lamy Screen Metalic with Stylus Ball Pen,2150.0,1935.0,,,Pens & Stationery
Medimix Transparent with Glycerine And Lakshadi,129.0,129.0,,,Beauty and Personal Care
American-Elm Solid Men's Waistcoat,1099.0,549.0,,,Clothing
BFT 6 W LED Cool White Bulb,,1400.0,,,Kitchen & Dining
LG MC3286BLT 32 L Convection Microwave Oven,18490.0,16990.0,,,Home & Kitchen
BFT 9 W LED Bulb,,800.0,,,Kitchen & Dining
Raymond Checkered Men's Waistcoat,3999.0,1999.0,,,Clothing
BFT 9 W LED Bulb,350.0,250.0,,,Kitchen & Dining
Furst USB Adapter with Cable For Dzire VC Battery Charger,999.0,249.0,,,Mobiles & Accessories
Furst USB Adapter with Cable For Mt X (2nd Gen) Battery Charger,999.0,249.0,,,Mobiles & Accessories
Furst USB Adapter with Cable For Lnvo Vibe P1M Battery Charger,999.0,249.0,,,Mobiles & Accessories
Furst USB Adapter with Cable For A7 Battery Charger,999.0,249.0,,,Mobiles & Accessories
Furst USB Adapter with Cable For Dzire SV Battery Charger,999.0,249.0,,,Mobiles & Accessories
Furst USB Adapter with Cable For Xp Z5 Battery Charger,999.0,249.0,,,Mobiles & Accessories
Furst USB Adapter with Cable For Lnvo Sisley S90 Battery Charger,999.0,249.0,,,Mobiles & Accessories
Furst USB Adapter with Cable For One Dual Sim Battery Charger,999.0,249.0,,,Mobiles & Accessories
Furst USB Adapter with Cable For Core Prime Battery Charger,999.0,249.0,,,Mobiles & Accessories
Furst USB Adapter with Cable For Xp Miro Battery Charger,999.0,249.0,,,Mobiles & Accessories
KalaBhawan Stair Sculpture Showpiece  -  39 cm,2199.0,1399.0,,,Home Decor & Festive Needs
Serebroarts Iron Decorative Platter,2199.0,1099.0,,,Home Decor & Festive Needs
,,,,,Others
,,,,,Others
No rating available,,,,,Serebroarts
Sunrise Showpiece  -  28 cm,2081.0,2081.0,,,Home Decor & Festive Needs
Sassy Stripes Full Sleeve Printed Women's Jacket,1299.0,1299.0,,,Clothing
Jayanti sarees Party Embroidered Women's Kurti,999.0,599.0,,,Clothing
JMD Printed Cushions Cover,,499.0,,,Home Furnishing
Mom and Kid Baby Girl's Printed Green Top & Pyjama Set,999.0,309.0,,,Baby Care
reckonon red heart 011 Umbrella,4999.0,2499.0,,,Sports & Fitness
Zebra Outdoors,1245.0,1245.0,,,Footwear
JMD Printed Cushions Cover,,499.0,,,Home Furnishing
Devinez Home Liquid Air Freshener,699.0,299.0,,,Home Decor & Festive Needs
Kripa's Printed Cushions Cover,,500.0,,,Home Furnishing
ROSEMOORE Home Gel Air Freshener,350.0,350.0,,,Home Decor & Festive Needs
Itiha Home Liquid Air Freshener,749.0,399.0,,,Home Decor & Festive Needs
Itiha Home Liquid Air Freshener,749.0,399.0,,,Home Decor & Festive Needs
Itiha Home Liquid Air Freshener,749.0,399.0,,,Home Decor & Festive Needs
"Mom and Kid Baby Girl's Printed Blue, Grey Top & Pyjama Set",,999.0,,,Baby Care
"Mynte Solid Women's Cycling Shorts, Gym Shorts, Swim Shorts",,,,,Clothing
"Mynte Solid Women's Cycling Shorts, Gym Shorts, Swim Shorts",,,,,Clothing
TRESemme Naturals Nourishing Moisture Conditioner Aloe Vera And Avocado,2696.0,2519.0,,,Beauty and Personal Care
AKUP love-music Ceramic Mug,500.0,259.0,,,Kitchen & Dining
"Mynte Solid Women's Cycling Shorts, Gym Shorts, Swim Shorts",,,,,Clothing
AKUP beautiful Ceramic Mug,500.0,259.0,,,Kitchen & Dining
"Mynte Solid Women's Cycling Shorts, Gym Shorts, Swim Shorts",,,,,Clothing
"Mynte Solid Women's Cycling Shorts, Gym Shorts, Swim Shorts",,,,,Clothing
MohanJodero Showpiece  -  46 cm,,1599.0,,,Home Decor & Festive Needs
Burt s Bees Hair Repair Shea And Grapefruit Deep Conditioner,2712.0,1248.0,,,Beauty and Personal Care
"Mynte Solid Women's Cycling Shorts, Gym Shorts, Swim Shorts",,,,,Clothing
AKUP happy-thanks-giving Ceramic Mug,500.0,259.0,,,Kitchen & Dining
AKUP i-loves-music Ceramic Mug,500.0,259.0,,,Kitchen & Dining
"Mynte Solid Women's Cycling Shorts, Gym Shorts, Swim Shorts",,,,,Clothing
AKUP dream-big-work-hard Ceramic Mug,500.0,259.0,,,Kitchen & Dining
AKUP i-love-my-mom Ceramic Mug,500.0,259.0,,,Kitchen & Dining
AKUP one-gud-thing-about-music Ceramic Mug,500.0,259.0,,,Kitchen & Dining
AKUP dad-a-daughters-first-love Ceramic Mug,500.0,259.0,,,Kitchen & Dining
AKUP happy-mothers-day Ceramic Mug,500.0,259.0,,,Kitchen & Dining
AKUP i-love-music Ceramic Mug,500.0,259.0,,,Kitchen & Dining
AKUP keep-calm Ceramic Mug,500.0,259.0,,,Kitchen & Dining
AKUP ur-own-kind Ceramic Mug,500.0,259.0,,,Kitchen & Dining
AKUP i-love-dubstep Ceramic Mug,500.0,259.0,,,Kitchen & Dining
AKUP i-creid-because Ceramic Mug,500.0,259.0,,,Kitchen & Dining
D-Link DAP1320,3500.0,1978.0,,,Computers
"Mynte Solid Women's Cycling Shorts, Gym Shorts, Swim Shorts",,,,,Clothing
AKUP league-of-legends Ceramic Mug,500.0,259.0,,,Kitchen & Dining
Suave Naturals Everlasting Sunshine Conditioner,2300.0,1126.0,,,Beauty and Personal Care
"Mynte Solid Women's Cycling Shorts, Gym Shorts, Swim Shorts",,,,,Clothing
AKUP life-is-not-living Ceramic Mug,500.0,259.0,,,Kitchen & Dining
"Mynte Solid Women's Cycling Shorts, Gym Shorts, Swim Shorts",,,,,Clothing
"Mynte Solid Women's Cycling Shorts, Gym Shorts, Swim Shorts",,,,,Clothing
"Mynte Solid Women's Cycling Shorts, Gym Shorts, Swim Shorts",,,,,Clothing
"Mynte Solid Women's Cycling Shorts, Gym Shorts, Swim Shorts",,,,,Clothing
AKUP crazy-women Ceramic Mug,500.0,259.0,,,Kitchen & Dining
AKUP be-urr-own-hero 1 Ceramic Mug,500.0,259.0,,,Kitchen & Dining
Dove Hair Therapy Daily Moisture Conditioner,2645.0,1425.0,,,Beauty and Personal Care
AKUP i-love-stories Ceramic Mug,500.0,259.0,,,Kitchen & Dining
AKUP happy-new-year-love- Ceramic Mug,500.0,259.0,,,Kitchen & Dining
AKUP because-i-have-a-brother Ceramic Mug,500.0,259.0,,,Kitchen & Dining
"Mynte Solid Women's Cycling Shorts, Gym Shorts, Swim Shorts",,,,,Clothing
AKUP without-the-rain Ceramic Mug,500.0,259.0,,,Kitchen & Dining
Paul Mitchell Tea Tree Lavender Mint Moisturizing Unisex Conditioner,1682.0,1319.0,,,Beauty and Personal Care
"Mynte Solid Women's Cycling Shorts, Gym Shorts, Swim Shorts",,,,,Clothing
"Mynte Solid Women's Cycling Shorts, Gym Shorts, Swim Shorts",,,,,Clothing
"Mynte Solid Women's Cycling Shorts, Gym Shorts, Swim Shorts",,,,,Clothing
RoQ Slim Multimedia 105key Flexible Wired USB Flexible Keyboard,999.0,399.0,,,Computers
BrandTrendz Bellies,1099.0,599.0,,,Footwear
Crocs Boys Sandals,1995.0,1197.0,,,Footwear
Com-Paint Decor Paint Spray Paint Bottle,899.0,809.0,,,Pens & Stationery
MERIL Casual Full Sleeve Printed Women's Top,,599.0,,,Clothing
"Asian Aura Electric Burner Rose, Vanilla Liquid Air Freshener",,1399.0,,,Home Decor & Festive Needs
Niremo Loafers,999.0,499.0,,,Footwear
Aadyaa Collections Alloy Bangle Set,,2599.0,,,Jewellery
INDRICKA Casual Butterfly Sleeve Solid Women's Top,,2624.0,,,Clothing
Schtaron Loafers,999.0,499.0,,,Footwear
D'clair Micromax Canvas Play 4G Q469 Battery Charger,600.0,400.0,,,Mobiles & Accessories
"Herbal Jewellery Alloy, Wood Bracelet",,,,,Jewellery
BrandTrendz Loafers,1099.0,599.0,,,Footwear
Riot Jeans Casual Short Sleeve Printed Women's Top,,599.0,,,Clothing
MERIL Casual Full Sleeve Printed Women's Top,,599.0,,,Clothing
Mount Nano MN 110 250 ml Wheel Tire Cleaner,990.0,660.0,,,Automotive
V4STYLES Loafers,1499.0,1049.0,,,Footwear
Carmity RN-020 Maruti Ciaz Car Grill Cover,4400.0,2200.0,,,Automotive
PHOCOS CX10 MPPT Solar Charge Controller,4375.0,4375.0,,,Tools & Hardware
